"Name","Price","Location","Slug","Speed","Location Network List"
"Spain 3GB 30Days","2.3","ES","ES_3_30","3G/4G/5G","Vodafone 5G"
"Spain 5GB 30Days","3.4","ES","ES_5_30","3G/4G/5G","Vodafone 5G"
"Europe 3GB 30Days","7.3","NO,RS,DE,RU,BE,FI,PT,BG,DK,LT,LU,LV,HR,UA,FR,HU,SE,SI,SK,GB,IE,MK,GG,EE,GI,IM,CH,MT,IS,IT,GR,ES,AT,CY,AX,CZ,JE,PL,RO,LI,NL,TR","EU-42_3_30","3G/4G/5G","Nova 5G"
"Europe 5GB 30Days","11","NO,RS,DE,RU,BE,FI,PT,BG,DK,LT,LU,LV,HR,UA,FR,HU,SE,SI,SK,GB,IE,MK,GG,EE,GI,IM,CH,MT,IS,IT,GR,ES,AT,CY,AX,CZ,JE,PL,RO,LI,NL,TR","EU-42_5_30","3G/4G/5G","Nova 5G"
"Hong Kong 3GB 30Days","1.8","HK","HK_3_30","3G/4G/5G","csl 5G"
"Hong Kong 5GB 30Days","2.7","HK","HK_5_30","3G/4G/5G","csl 5G"
"Macao 3GB 30Days","1.8","MO","MO_3_30","3G/4G/5G","CTM 5G"
"Macao 5GB 30Days","2.7","MO","MO_5_30","3G/4G/5G","CTM 5G"
"Thailand 3GB 30Days","1.8","TH","TH_3_30","3G/4G/5G","AIS 5G"
"Thailand 5GB 30Days","2.7","TH","TH_5_30","3G/4G/5G","AIS 5G"
"Netherlands 3GB 30Days","2.3","NL","NL_3_30","3G/4G/5G","Vodafone 5G"
"Netherlands 5GB 30Days","3.4","NL","NL_5_30","3G/4G/5G","Vodafone 5G"
"Israel 3GB 30Days","3.8","IL","IL_3_30","3G/4G/5G","Cellcom 5G"
"Turkey 3GB 30Days","1.42","TR","TR_3_30","3G/4G/5G","Avea 5G"
"Jordan 3GB 30Days","4.7","JO","JO_3_30","3G/4G/5G","Zain 5G"
"Kuwait 3GB 30Days","5.9","KW","KW_3_30","3G/4G","Ooredoo 4G"
"Oman 3GB 30Days","14.4","OM","OM_3_30","3G/4G","Omantel 4G"
"Qatar 3GB 30Days","9.1","QA","QA_3_30","3G/4G/5G","Vodafone 5G"
"Armenia 3GB 30Days","14.4","AM","AM_3_30","3G/4G","MTS 4G"
"United Arab Emirates 3GB 30Days","5.27","AE","AE_3_30","3G/4G/5G","Etisalat 5G"
"Azerbaijan 3GB 30Days","17.9","AZ","AZ_3_30","3G/4G/5G","Bakcell 5G"
"Georgia 3GB 30Days","3.8","GE","GE_3_30","3G/4G","Beeline 4G"
"Bahrain 3GB 30Days","11.4","BH","BH_3_30","3G/4G/5G","Zain 5G"
"Saudi Arabia 3GB 30Days","7.3","SA","SA_3_30","3G/4G/5G","Mobily 5G"
"Austria 3GB 30Days","2.3","AT","AT_3_30","3G/4G/5G","3 5G"
"Belgium 3GB 30Days","2.3","BE","BE_3_30","3G/4G/5G","Base 5G"
"Bulgaria 3GB 30Days","2.3","BG","BG_3_30","3G/4G/5G","Vivacom 5G"
"Croatia 3GB 30Days","2.3","HR","HR_3_30","3G/4G/5G","Tele2 5G"
"Cyprus 3GB 30Days","2.3","CY","CY_3_30","3G/4G/5G","Vodafone 5G"
"Czech Republic 3GB 30Days","2.3","CZ","CZ_3_30","3G/4G/5G","Vodafone 5G"
"Denmark 3GB 30Days","2.3","DK","DK_3_30","3G/4G/5G","3 5G"
"Estonia 3GB 30Days","2.3","EE","EE_3_30","3G/4G/5G","Telia 5G"
"Finland 3GB 30Days","1.8","FI","FI_3_30","3G/4G/5G","Elisa 5G"
"France 3GB 30Days","2.3","FR","FR_3_30","3G/4G/5G","SFR 5G"
"Germany 3GB 30Days","2.3","DE","DE_3_30","3G/4G/5G","Vodafone 5G"
"Greece 3GB 30Days","2.3","GR","GR_3_30","3G/4G/5G","Vodafone 5G"
"Hungary 3GB 30Days","2.3","HU","HU_3_30","3G/4G/5G","Telenor Hungary 5G"
"Iceland 3GB 30Days","3.8","IS","IS_3_30","3G/4G/5G","Nova 5G"
"Ireland 3GB 30Days","2.3","IE","IE_3_30","3G/4G/5G","Vodafone 5G"
"Italy 3GB 30Days","2.3","IT","IT_3_30","3G/4G/5G","Iliad 5G"
"Latvia 3GB 30Days","2.3","LV","LV_3_30","3G/4G/5G","Tele2 5G"
"Lithuania 3GB 30Days","2.3","LT","LT_3_30","3G/4G/5G","Telia 5G"
"Luxembourg 3GB 30Days","2.3","LU","LU_3_30","3G/4G/5G","POST 5G"
"Malta 3GB 30Days","3.8","MT","MT_3_30","3G/4G/5G","GO 5G"
"Poland 3GB 30Days","1.8","PL","PL_3_30","3G/4G/5G","Orange 5G"
"Portugal 3GB 30Days","2.3","PT","PT_3_30","3G/4G/5G","NOS 5G"
"Romania 3GB 30Days","1.8","RO","RO_3_30","3G/4G/5G","Vodafone 5G"
"Slovakia 3GB 30Days","2.3","SK","SK_3_30","3G/4G/5G","Orange 5G"
"Slovenia 3GB 30Days","2.3","SI","SI_3_30","3G/4G/5G","Mobitel 5G"
"Sweden 3GB 30Days","2.3","SE","SE_3_30","3G/4G/5G","3 5G"
"Switzerland 3GB 30Days","2.3","CH","CH_3_30","3G/4G/5G","Sunrise 5G"
"Ukraine 3GB 30Days","1.8","UA","UA_3_30","3G/4G","Kyivstar 4G"
"United Kingdom 3GB 30Days","2.3","GB","GB_3_30","3G/4G/5G","Vodafone 5G"
"Aaland Islands 3GB 30Days","4.7","AX","AX_3_30","3G/4G/5G","AMT 5G"
"Isle of Man 3GB 30Days","3","IM","IM_3_30","3G/4G/5G","Pronto GSM 5G"
"Jersey 3GB 30Days","1.8","JE","JE_3_30","3G/4G/5G","JT 5G"
"Russia 3GB 30Days","7.3","RU","RU_3_30","3G/4G","MTS 4G"
"Guernsey 3GB 30Days","11.4","GG","GG_3_30","3G/4G","Sure 4G"
"Liechtenstein 3GB 30Days","3.8","LI","LI_3_30","3G/4G/5G","FL1 5G"
"Norway 3GB 30Days","1.8","NO","NO_3_30","3G/4G/5G","Telia 5G"
"Serbia 3GB 30Days","7.3","RS","RS_3_30","3G/4G","VIP 4G"
"Gibraltar 3GB 30Days","7.3","GI","GI_3_30","3G/4G/5G","GibTel 5G"
"Austria 5GB 30Days","3.4","AT","AT_5_30","3G/4G/5G","3 5G"
"Belgium 5GB 30Days","3.4","BE","BE_5_30","3G/4G/5G","Base 5G"
"Croatia 5GB 30Days","3.4","HR","HR_5_30","3G/4G/5G","Tele2 5G"
"Cyprus 5GB 30Days","3.4","CY","CY_5_30","3G/4G/5G","Vodafone 5G"
"Czech Republic 5GB 30Days","3.4","CZ","CZ_5_30","3G/4G/5G","Vodafone 5G"
"Denmark 5GB 30Days","3.4","DK","DK_5_30","3G/4G/5G","3 5G"
"Estonia 5GB 30Days","3.4","EE","EE_5_30","3G/4G/5G","Telia 5G"
"Finland 5GB 30Days","2.7","FI","FI_5_30","3G/4G/5G","Elisa 5G"
"France 5GB 30Days","3.4","FR","FR_5_30","3G/4G/5G","SFR 5G"
"Germany 5GB 30Days","3.4","DE","DE_5_30","3G/4G/5G","Vodafone 5G"
"Greece 5GB 30Days","3.4","GR","GR_5_30","3G/4G/5G","Vodafone 5G"
"Hungary 5GB 30Days","3.4","HU","HU_5_30","3G/4G/5G","Telenor Hungary 5G"
"Iceland 5GB 30Days","5.7","IS","IS_5_30","3G/4G/5G","Nova 5G"
"Ireland 5GB 30Days","3.4","IE","IE_5_30","3G/4G/5G","Vodafone 5G"
"Italy 5GB 30Days","3.4","IT","IT_5_30","3G/4G/5G","Iliad 5G"
"Latvia 5GB 30Days","3.4","LV","LV_5_30","3G/4G/5G","Tele2 5G"
"Lithuania 5GB 30Days","3.4","LT","LT_5_30","3G/4G/5G","Telia 5G"
"Luxembourg 5GB 30Days","3.4","LU","LU_5_30","3G/4G/5G","POST 5G"
"Malta 5GB 30Days","5.7","MT","MT_5_30","3G/4G/5G","GO 5G"
"Poland 5GB 30Days","2.7","PL","PL_5_30","3G/4G/5G","Orange 5G"
"Portugal 5GB 30Days","3.4","PT","PT_5_30","3G/4G/5G","NOS 5G"
"Romania 5GB 30Days","2.7","RO","RO_5_30","3G/4G/5G","Vodafone 5G"
"Slovakia 5GB 30Days","3.4","SK","SK_5_30","3G/4G/5G","Orange 5G"
"Slovenia 5GB 30Days","3.4","SI","SI_5_30","3G/4G/5G","Mobitel 5G"
"Sweden 5GB 30Days","3.4","SE","SE_5_30","3G/4G/5G","3 5G"
"Switzerland 5GB 30Days","3.4","CH","CH_5_30","3G/4G/5G","Sunrise 5G"
"Ukraine 5GB 30Days","2.7","UA","UA_5_30","3G/4G","Kyivstar 4G"
"United Kingdom 5GB 30Days","3.4","GB","GB_5_30","3G/4G/5G","Vodafone 5G"
"Aaland Islands 5GB 30Days","7","AX","AX_5_30","3G/4G/5G","AMT 5G"
"Isle of Man 5GB 30Days","4.4","IM","IM_5_30","3G/4G/5G","Pronto GSM 5G"
"Jersey 5GB 30Days","2.7","JE","JE_5_30","3G/4G/5G","JT 5G"
"Russia 5GB 30Days","11","RU","RU_5_30","3G/4G","MTS 4G"
"Guernsey 5GB 30Days","17.1","GG","GG_5_30","3G/4G","Sure 4G"
"Norway 5GB 30Days","2.7","NO","NO_5_30","3G/4G/5G","Telia 5G"
"Australia 1GB 7Days","0.7","AU","AU_1_7","3G/4G/5G","Optus 5G"
"Australia 3GB 15Days","1.7","AU","AU_3_15","3G/4G/5G","Optus 5G"
"Australia 5GB 30Days","2.7","AU","AU_5_30","3G/4G/5G","Optus 5G"
"Hong Kong 1GB 7Days","0.7","HK","HK_1_7","3G/4G/5G","csl 5G"
"Hong Kong 3GB 15Days","1.7","HK","HK_3_15","3G/4G/5G","csl 5G"
"Hong Kong 10GB 30Days","4.7","HK","HK_10_30","3G/4G/5G","csl 5G"
"Macao 1GB 7Days","0.7","MO","MO_1_7","3G/4G/5G","CTM 5G"
"Macao 3GB 15Days","1.7","MO","MO_3_15","3G/4G/5G","CTM 5G"
"Macao 10GB 30Days","4.7","MO","MO_10_30","3G/4G/5G","CTM 5G"
"Austria 1GB 7Days","0.9","AT","AT_1_7","3G/4G/5G","3 5G"
"Austria 3GB 15Days","2.2","AT","AT_3_15","3G/4G/5G","3 5G"
"Austria 10GB 30Days","6.1","AT","AT_10_30","3G/4G/5G","3 5G"
"Croatia 1GB 7Days","0.9","HR","HR_1_7","3G/4G/5G","Tele2 5G"
"Croatia 3GB 15Days","2.2","HR","HR_3_15","3G/4G/5G","Tele2 5G"
"Croatia 10GB 30Days","6.1","HR","HR_10_30","3G/4G/5G","Tele2 5G"
"Czech Republic 1GB 7Days","0.9","CZ","CZ_1_7","3G/4G/5G","Vodafone 5G"
"Czech Republic 3GB 15Days","2.2","CZ","CZ_3_15","3G/4G/5G","Vodafone 5G"
"Czech Republic 10GB 30Days","6.1","CZ","CZ_10_30","3G/4G/5G","Vodafone 5G"
"Denmark 1GB 7Days","0.9","DK","DK_1_7","3G/4G/5G","3 5G"
"Denmark 3GB 15Days","2.2","DK","DK_3_15","3G/4G/5G","3 5G"
"Denmark 10GB 30Days","6.1","DK","DK_10_30","3G/4G/5G","3 5G"
"France 1GB 7Days","0.9","FR","FR_1_7","3G/4G/5G","SFR 5G"
"France 3GB 15Days","2.2","FR","FR_3_15","3G/4G/5G","SFR 5G"
"France 10GB 30Days","6.1","FR","FR_10_30","3G/4G/5G","SFR 5G"
"Germany 1GB 7Days","0.9","DE","DE_1_7","3G/4G/5G","Vodafone 5G"
"Germany 3GB 15Days","2.2","DE","DE_3_15","3G/4G/5G","Vodafone 5G"
"Germany 10GB 30Days","6.1","DE","DE_10_30","3G/4G/5G","Vodafone 5G"
"Greece 1GB 7Days","0.9","GR","GR_1_7","3G/4G/5G","Vodafone 5G"
"Greece 3GB 15Days","2.2","GR","GR_3_15","3G/4G/5G","Vodafone 5G"
"Greece 10GB 30Days","6.1","GR","GR_10_30","3G/4G/5G","Vodafone 5G"
"Hungary 1GB 7Days","0.9","HU","HU_1_7","3G/4G/5G","Telenor Hungary 5G"
"Hungary 3GB 15Days","2.2","HU","HU_3_15","3G/4G/5G","Telenor Hungary 5G"
"Hungary 10GB 30Days","6.1","HU","HU_10_30","3G/4G/5G","Telenor Hungary 5G"
"Latvia 1GB 7Days","0.9","LV","LV_1_7","3G/4G/5G","Tele2 5G"
"Latvia 3GB 15Days","2.2","LV","LV_3_15","3G/4G/5G","Tele2 5G"
"Latvia 10GB 30Days","6.1","LV","LV_10_30","3G/4G/5G","Tele2 5G"
"Lithuania 1GB 7Days","0.9","LT","LT_1_7","3G/4G/5G","Telia 5G"
"Lithuania 3GB 15Days","2.2","LT","LT_3_15","3G/4G/5G","Telia 5G"
"Lithuania 10GB 30Days","9.9","LT","LT_10_30","3G/4G/5G","Telia 5G"
"Malta 1GB 7Days","1.5","MT","MT_1_7","3G/4G/5G","GO 5G"
"Malta 3GB 15Days","3.7","MT","MT_3_15","3G/4G/5G","GO 5G"
"Malta 10GB 30Days","9.9","MT","MT_10_30","3G/4G/5G","GO 5G"
"Norway 1GB 7Days","0.7","NO","NO_1_7","3G/4G/5G","Telia 5G"
"Norway 3GB 15Days","1.7","NO","NO_3_15","3G/4G/5G","Telia 5G"
"Norway 10GB 30Days","4.7","NO","NO_10_30","3G/4G/5G","Telia 5G"
"Portugal 1GB 7Days","0.9","PT","PT_1_7","3G/4G/5G","NOS 5G"
"Portugal 3GB 15Days","2.2","PT","PT_3_15","3G/4G/5G","NOS 5G"
"Portugal 10GB 30Days","6.1","PT","PT_10_30","3G/4G/5G","NOS 5G"
"Slovakia 1GB 7Days","0.9","SK","SK_1_7","3G/4G/5G","Orange 5G"
"Slovakia 3GB 15Days","2.2","SK","SK_3_15","3G/4G/5G","Orange 5G"
"Slovakia 10GB 30Days","6.1","SK","SK_10_30","3G/4G/5G","Orange 5G"
"Sweden 1GB 7Days","0.9","SE","SE_1_7","3G/4G/5G","3 5G"
"Sweden 3GB 15Days","2.2","SE","SE_3_15","3G/4G/5G","3 5G"
"Sweden 10GB 30Days","6.1","SE","SE_10_30","3G/4G/5G","3 5G"
"Belgium 1GB 7Days","0.9","BE","BE_1_7","3G/4G/5G","Base 5G"
"Belgium 3GB 15Days","2.2","BE","BE_3_15","3G/4G/5G","Base 5G"
"Belgium 10GB 30Days","6.1","BE","BE_10_30","3G/4G/5G","Base 5G"
"Bulgaria 1GB 7Days","0.9","BG","BG_1_7","3G/4G/5G","Vivacom 5G"
"Bulgaria 3GB 15Days","2.2","BG","BG_3_15","3G/4G/5G","Vivacom 5G"
"Bulgaria 10GB 30Days","6.1","BG","BG_10_30","3G/4G/5G","Vivacom 5G"
"Cyprus 1GB 7Days","0.9","CY","CY_1_7","3G/4G/5G","Vodafone 5G"
"Cyprus 3GB 15Days","2.2","CY","CY_3_15","3G/4G/5G","Vodafone 5G"
"Cyprus 10GB 30Days","6.1","CY","CY_10_30","3G/4G/5G","Vodafone 5G"
"Estonia 1GB 7Days","0.9","EE","EE_1_7","3G/4G/5G","Telia 5G"
"Estonia 3GB 15Days","2.2","EE","EE_3_15","3G/4G/5G","Telia 5G"
"Estonia 10GB 30Days","6.1","EE","EE_10_30","3G/4G/5G","Telia 5G"
"Finland 1GB 7Days","0.7","FI","FI_1_7","3G/4G/5G","Elisa 5G"
"Finland 3GB 15Days","1.7","FI","FI_3_15","3G/4G/5G","Elisa 5G"
"Finland 10GB 30Days","4.7","FI","FI_10_30","3G/4G/5G","Elisa 5G"
"Iceland 1GB 7Days","1.5","IS","IS_1_7","3G/4G/5G","Nova 5G"
"Iceland 3GB 15Days","3.7","IS","IS_3_15","3G/4G/5G","Nova 5G"
"Iceland 10GB 30Days","9.9","IS","IS_10_30","3G/4G/5G","Nova 5G"
"Ireland 1GB 7Days","0.9","IE","IE_1_7","3G/4G/5G","Vodafone 5G"
"Ireland 3GB 15Days","2.2","IE","IE_3_15","3G/4G/5G","Vodafone 5G"
"Ireland 10GB 30Days","6.1","IE","IE_10_30","3G/4G/5G","Vodafone 5G"
"Israel 1GB 7Days","1.5","IL","IL_1_7","3G/4G/5G","Cellcom 5G"
"Israel 3GB 15Days","3.7","IL","IL_3_15","3G/4G/5G","Cellcom 5G"
"Israel 5GB 30Days","5.7","IL","IL_5_30","3G/4G/5G","Cellcom 5G"
"Israel 10GB 30Days","9.9","IL","IL_10_30","3G/4G/5G","Cellcom 5G"
"Italy 1GB 7Days","0.9","IT","IT_1_7","3G/4G/5G","Iliad 5G"
"Italy 3GB 15Days","2.2","IT","IT_3_15","3G/4G/5G","Iliad 5G"
"Italy 10GB 30Days","6.1","IT","IT_10_30","3G/4G/5G","Iliad 5G"
"Luxembourg 1GB 7Days","0.9","LU","LU_1_7","3G/4G/5G","POST 5G"
"Luxembourg 3GB 15Days","2.2","LU","LU_3_15","3G/4G/5G","POST 5G"
"Luxembourg 10GB 30Days","6.1","LU","LU_10_30","3G/4G/5G","POST 5G"
"Netherlands 1GB 7Days","0.9","NL","NL_1_7","3G/4G/5G","Vodafone 5G"
"Netherlands 3GB 15Days","2.2","NL","NL_3_15","3G/4G/5G","Vodafone 5G"
"Netherlands 10GB 30Days","6.1","NL","NL_10_30","3G/4G/5G","Vodafone 5G"
"Poland 1GB 7Days","0.7","PL","PL_1_7","3G/4G/5G","Orange 5G"
"Poland 3GB 15Days","1.7","PL","PL_3_15","3G/4G/5G","Orange 5G"
"Romania 1GB 7Days","0.7","RO","RO_1_7","3G/4G/5G","Vodafone 5G"
"Romania 3GB 15Days","1.7","RO","RO_3_15","3G/4G/5G","Vodafone 5G"
"Romania 10GB 30Days","4.7","RO","RO_10_30","3G/4G/5G","Vodafone 5G"
"Slovenia 1GB 7Days","0.9","SI","SI_1_7","3G/4G/5G","Mobitel 5G"
"Slovenia 3GB 15Days","2.2","SI","SI_3_15","3G/4G/5G","Mobitel 5G"
"Slovenia 10GB 30Days","6.1","SI","SI_10_30","3G/4G/5G","Mobitel 5G"
"Spain 1GB 7Days","0.9","ES","ES_1_7","3G/4G/5G","Vodafone 5G"
"Spain 3GB 15Days","2.2","ES","ES_3_15","3G/4G/5G","Vodafone 5G"
"Switzerland 1GB 7Days","0.9","CH","CH_1_7","3G/4G/5G","Sunrise 5G"
"Switzerland 3GB 15Days","2.2","CH","CH_3_15","3G/4G/5G","Sunrise 5G"
"Switzerland 10GB 30Days","6.1","CH","CH_10_30","3G/4G/5G","Sunrise 5G"
"Ukraine 1GB 7Days","0.7","UA","UA_1_7","3G/4G","Kyivstar 4G"
"Ukraine 3GB 15Days","1.7","UA","UA_3_15","3G/4G","Kyivstar 4G"
"Ukraine 10GB 30Days","4.7","UA","UA_10_30","3G/4G","Kyivstar 4G"
"United Kingdom 1GB 7Days","0.9","GB","GB_1_7","3G/4G/5G","Vodafone 5G"
"United Kingdom 3GB 15Days","2.2","GB","GB_3_15","3G/4G/5G","Vodafone 5G"
"United Kingdom 10GB 30Days","6.1","GB","GB_10_30","3G/4G/5G","Vodafone 5G"
"Aaland Islands 1GB 7Days","1.8","AX","AX_1_7","3G/4G/5G","AMT 5G"
"Aaland Islands 3GB 15Days","4.6","AX","AX_3_15","3G/4G/5G","AMT 5G"
"Isle of Man 1GB 7Days","1.1","IM","IM_1_7","3G/4G/5G","Pronto GSM 5G"
"Isle of Man 3GB 15Days","2.8","IM","IM_3_15","3G/4G/5G","Pronto GSM 5G"
"Jersey 1GB 7Days","0.7","JE","JE_1_7","3G/4G/5G","JT 5G"
"Jersey 3GB 15Days","1.7","JE","JE_3_15","3G/4G/5G","JT 5G"
"Malaysia 1GB 7Days","0.7","MY","MY_1_7","3G/4G/5G","DiGi 5G"
"Malaysia 3GB 15Days","1.7","MY","MY_3_15","3G/4G/5G","DiGi 5G"
"Malaysia 5GB 30Days","2.7","MY","MY_5_30","3G/4G/5G","DiGi 5G"
"Malaysia 10GB 30Days","4.7","MY","MY_10_30","3G/4G/5G","DiGi 5G"
"New Zealand 1GB 7Days","1.8","NZ","NZ_1_7","3G/4G","Spark 4G"
"New Zealand 3GB 15Days","4.6","NZ","NZ_3_15","3G/4G","Spark 4G"
"New Zealand 5GB 30Days","7","NZ","NZ_5_30","3G/4G","Spark 4G"
"Philippines 1GB 7Days","1.8","PH","PH_1_7","3G/4G/5G","Globe 5G"
"Philippines 3GB 15Days","4.6","PH","PH_3_15","3G/4G/5G","Globe 5G"
"Philippines 5GB 30Days","7","PH","PH_5_30","3G/4G/5G","Globe 5G"
"Philippines 10GB 30Days","12.2","PH","PH_10_30","3G/4G/5G","Globe 5G"
"Singapore 1GB 7Days","0.7","SG","SG_1_7","3G/4G/5G","Simba 5G"
"Singapore 5GB 30Days","2.7","SG","SG_5_30","3G/4G/5G","Simba 5G"
"Singapore 10GB 30Days","4.7","SG","SG_10_30","3G/4G/5G","Simba 5G"
"Sri Lanka 1GB 7Days","2.9","LK","LK_1_7","3G/4G","Mobitel 4G"
"Sri Lanka 3GB 15Days","4.8","LK","LK_3_15","3G/4G","Mobitel 4G"
"Sri Lanka 5GB 30Days","7.7","LK","LK_5_30","3G/4G","Mobitel 4G"
"Thailand 1GB 7Days","0.7","TH","TH_1_7","3G/4G/5G","AIS 5G"
"Thailand 3GB 15Days","1.7","TH","TH_3_15","3G/4G/5G","AIS 5G"
"Thailand 10GB 30Days","4.7","TH","TH_10_30","3G/4G/5G","AIS 5G"
"Turkey 1GB 7Days","0.46","TR","TR_1_7","3G/4G/5G","Avea 5G"
"Turkey 3GB 15Days","1.39","TR","TR_3_15","3G/4G/5G","Avea 5G"
"Turkey 5GB 30Days","2.3","TR","TR_5_30","3G/4G/5G","Avea 5G"
"Turkey 10GB 30Days","4.2","TR","TR_10_30","3G/4G/5G","Avea 5G"
"Vietnam 1GB 7Days","1.8","VN","VN_1_7","3G/4G","MobiFone 4G"
"Vietnam 3GB 15Days","4.6","VN","VN_3_15","3G/4G","MobiFone 4G"
"Vietnam 5GB 30Days","7","VN","VN_5_30","3G/4G","MobiFone 4G"
"Vietnam 10GB 30Days","12.2","VN","VN_10_30","3G/4G","MobiFone 4G"
"China 1GB 7Days","0.7","CN","CN_1_7","3G/4G/5G","China Mobile 5G"
"China 3GB 15Days","1.7","CN","CN_3_15","3G/4G/5G","China Mobile 5G"
"China 5GB 30Days","2.7","CN","CN_5_30","3G/4G/5G","China Mobile 5G"
"China 10GB 30Days","4.7","CN","CN_10_30","3G/4G/5G","China Mobile 5G"
"Indonesia 1GB 7Days","0.7","ID","ID_1_7","3G/4G","Indosat 4G"
"Indonesia 3GB 15Days","1.7","ID","ID_3_15","3G/4G","Indosat 4G"
"Indonesia 5GB 30Days","2.7","ID","ID_5_30","3G/4G/5G","Telkomsel 5G"
"Indonesia 10GB 30Days","4.7","ID","ID_10_30","3G/4G/5G","Telkomsel 5G"
"India 1GB 7Days","2.9","IN","IN_1_7","3G/4G/5G","AirTel 5G"
"India 3GB 15Days","7.2","IN","IN_3_15","3G/4G/5G","AirTel 5G"
"India 5GB 30Days","11","IN","IN_5_30","3G/4G/5G","AirTel 5G"
"Japan 1GB 7Days","0.7","JP","JP_1_7","3G/4G","NTT docomo 4G"
"Japan 3GB 15Days","1.7","JP","JP_3_15","3G/4G","NTT docomo 4G"
"Japan 5GB 30Days","2.7","JP","JP_5_30","3G/4G","NTT docomo 4G"
"Japan 10GB 30Days","4.7","JP","JP_10_30","3G/4G","NTT docomo 4G"
"Russia 1GB 7Days","2.9","RU","RU_1_7","3G/4G","MTS 4G"
"Russia 3GB 15Days","7.2","RU","RU_3_15","3G/4G","MTS 4G"
"South Korea 1GB 7Days","0.7","KR","KR_1_7","3G/4G/5G","SKTelecom 5G"
"South Korea 3GB 15Days","1.7","KR","KR_3_15","3G/4G/5G","SKTelecom 5G"
"South Korea 5GB 30Days","2.7","KR","KR_5_30","3G/4G/5G","SKTelecom 5G"
"South Korea 10GB 30Days","4.7","KR","KR_10_30","3G/4G/5G","SKTelecom 5G"
"Jordan 1GB 7Days","1.8","JO","JO_1_7","3G/4G/5G","Zain 5G"
"Jordan 3GB 15Days","4.6","JO","JO_3_15","3G/4G/5G","Zain 5G"
"Jordan 5GB 30Days","7","JO","JO_5_30","3G/4G/5G","Zain 5G"
"Jordan 10GB 30Days","12.2","JO","JO_10_30","3G/4G/5G","Zain 5G"
"Oman 1GB 7Days","5.7","OM","OM_1_7","3G/4G","Omantel 4G"
"Oman 3GB 15Days","14.1","OM","OM_3_15","3G/4G","Omantel 4G"
"Saudi Arabia 1GB 7Days","2.9","SA","SA_1_7","3G/4G/5G","Mobily 5G"
"Saudi Arabia 3GB 15Days","7.2","SA","SA_3_15","3G/4G/5G","Mobily 5G"
"Saudi Arabia 5GB 30Days","11","SA","SA_5_30","3G/4G/5G","Mobily 5G"
"Saudi Arabia 10GB 30Days","19","SA","SA_10_30","3G/4G/5G","Mobily 5G"
"Azerbaijan 1GB 7Days","7.1","AZ","AZ_1_7","3G/4G/5G","Bakcell 5G"
"Azerbaijan 3GB 15Days","17.6","AZ","AZ_3_15","3G/4G/5G","Bakcell 5G"
"Yemen 1GB 7Days","11.2","YE","YE_1_7","3G/4G","MTN 4G"
"Yemen 3GB 15Days","27","YE","YE_3_15","3G/4G","MTN 4G"
"Yemen 5GB 30Days","41","YE","YE_5_30","3G/4G","MTN 4G"
"Bahrain 1GB 7Days","4.6","BH","BH_1_7","3G/4G/5G","Zain 5G"
"Bahrain 3GB 15Days","11.2","BH","BH_3_15","3G/4G/5G","Zain 5G"
"Argentina 1GB 7Days","3.6","AR","AR_1_7","3G/4G/5G","Movistar 5G"
"Argentina 3GB 15Days","8.9","AR","AR_3_15","3G/4G/5G","Movistar 5G"
"Bolivia 1GB 7Days","5.7","BO","BO_1_7","3G/4G/5G","Tigo 5G"
"Bolivia 3GB 15Days","16.8","BO","BO_3_15","3G/4G/5G","Tigo 5G"
"Brazil 1GB 7Days","2.3","BR","BR_1_7","3G/4G/5G","TIM 5G"
"Chile 1GB 7Days","5.7","CL","CL_1_7","3G/4G/5G","entel 5G"
"Colombia 1GB 7Days","5.7","CO","CO_1_7","3G/4G/5G","movistar 5G"
"Costa Rica 1GB 7Days","4.6","CR","CR_1_7","3G/4G/5G","Claro 5G"
"Ecuador 1GB 7Days","4.6","EC","EC_1_7","3G/4G/5G","Movistar 5G"
"El Salvador 1GB 7Days","5.7","SV","SV_1_7","3G/4G/5G","Digicel 5G"
"Guatemala 1GB 7Days","5.7","GT","GT_1_7","3G/4G/5G","Claro 5G"
"Honduras 1GB 7Days","4.6","HN","HN_1_7","3G/4G/5G","Tigo 5G"
"Nicaragua 1GB 7Days","4.6","NI","NI_1_7","3G/4G/5G","movistar 5G"
"Panama 1GB 7Days","4.6","PA","PA_1_7","3G/4G/5G","movistar 5G"
"Paraguay 1GB 7Days","4.6","PY","PY_1_7","3G/4G/5G","Claro 5G"
"Peru 1GB 7Days","5.7","PE","PE_1_7","3G/4G/5G","Entel 5G"
"Puerto Rico 1GB 7Days","2.9","PR","PR_1_7","3G/4G/5G","AT&T 5G"
"Uruguay 1GB 7Days","4.6","UY","UY_1_7","3G/4G/5G","Antel 5G"
"Brazil 3GB 15Days","5.7","BR","BR_3_15","3G/4G/5G","TIM 5G"
"Chile 3GB 15Days","14.1","CL","CL_3_15","3G/4G/5G","entel 5G"
"Colombia 3GB 15Days","14.4","CO","CO_3_15","3G/4G/5G","movistar 5G"
"Costa Rica 3GB 15Days","11.2","CR","CR_3_15","3G/4G/5G","Claro 5G"
"Ecuador 3GB 15Days","11.2","EC","EC_3_15","3G/4G/5G","Movistar 5G"
"El Salvador 3GB 15Days","14.1","SV","SV_3_15","3G/4G/5G","Digicel 5G"
"Guatemala 3GB 15Days","14.1","GT","GT_3_15","3G/4G/5G","Claro 5G"
"Honduras 3GB 15Days","11.2","HN","HN_3_15","3G/4G/5G","Tigo 5G"
"Nicaragua 3GB 15Days","11.2","NI","NI_3_15","3G/4G/5G","movistar 5G"
"Panama 3GB 15Days","11.2","PA","PA_3_15","3G/4G/5G","movistar 5G"
"Paraguay 3GB 15Days","11.2","PY","PY_3_15","3G/4G/5G","Claro 5G"
"Peru 3GB 15Days","14.1","PE","PE_3_15","3G/4G/5G","Entel 5G"
"Puerto Rico 3GB 15Days","7.2","PR","PR_3_15","3G/4G/5G","AT&T 5G"
"Uruguay 3GB 15Days","11.2","UY","UY_3_15","3G/4G/5G","Antel 5G"
"Puerto Rico 5GB 30Days","11","PR","PR_5_30","3G/4G/5G","AT&T 5G"
"Reunion 1GB 7Days","2.9","RE","RE_1_7","3G/4G/5G","Orange 5G"
"Madagascar 1GB 7Days","4.6","MG","MG_1_7","3G/4G/5G","Airtel 5G"
"Malawi 1GB 7Days","5.7","MW","MW_1_7","3G/4G","Airtel 4G"
"Botswana 1GB 7Days","7.1","BW","BW_1_7","3G/4G/5G","Orange 5G"
"Central African Republic 1GB 7Days","7.1","CF","CF_1_7","3G/4G/5G","Orange 5G"
"Chad 1GB 7Days","5.7","TD","TD_1_7","3G/4G","Airtel 4G"
"Congo 1GB 7Days","5.7","CG","CG_1_7","3G/4G","Airtel 4G"
"Cote d'Ivoire 1GB 7Days","7.1","CI","CI_1_7","3G/4G/5G","Orange 5G"
"Egypt 1GB 7Days","1.8","EG","EG_1_7","3G/4G/5G","Orange 5G"
"Gabon 1GB 7Days","4.6","GA","GA_1_7","3G/4G/5G","Airtel 5G"
"Kenya 1GB 7Days","5.7","KE","KE_1_7","3G/4G","Airtel 4G"
"Liberia 1GB 7Days","5.7","LR","LR_1_7","3G/4G/5G","Lonestar Cell MTN 5G"
"Mali 1GB 7Days","7.1","ML","ML_1_7","3G/4G/5G","Orange 5G"
"Morocco 1GB 7Days","1.5","MA","MA_1_7","3G/4G/5G","Orange Morocco 5G"
"Niger 1GB 7Days","7.1","NE","NE_1_7","3G/4G/5G","Orange 5G"
"Nigeria 1GB 7Days","4.6","NG","NG_1_7","3G/4G/5G","MTN 5G"
"Senegal 1GB 7Days","7.1","SN","SN_1_7","3G/4G/5G","Orange 5G"
"Seychelles 1GB 7Days","4.6","SC","SC_1_7","3G/4G/5G","Airtel 5G"
"South Africa 1GB 7Days","3.6","ZA","ZA_1_7","3G/4G","Vodacom 4G"
"Sudan 1GB 7Days","11.2","SD","SD_1_7","3G/4G","MTN 4G"
"Swaziland 1GB 7Days","7.1","SZ","SZ_1_7","3G/4G/5G","Swazi Mobile 5G"
"Tanzania 1GB 7Days","3.6","TZ","TZ_1_7","3G","Vodafone 3G"
"Tunisia 1GB 7Days","1.8","TN","TN_1_7","3G/4G","OOREDOO TN 4G"
"Uganda 1GB 7Days","5.7","UG","UG_1_7","3G/4G","Airtel 4G"
"Zambia 1GB 7Days","4.6","ZM","ZM_1_7","3G/4G/5G","Airtel 5G"
"Reunion 3GB 15Days","7.2","RE","RE_3_15","3G/4G/5G","Orange 5G"
"Madagascar 3GB 15Days","11.2","MG","MG_3_15","3G/4G/5G","Airtel 5G"
"Malawi 3GB 15Days","14.1","MW","MW_3_15","3G/4G","Airtel 4G"
"Botswana 3GB 15Days","17.6","BW","BW_3_15","3G/4G/5G","Orange 5G"
"Central African Republic 3GB 15Days","17.6","CF","CF_3_15","3G/4G/5G","Orange 5G"
"Chad 3GB 15Days","14.1","TD","TD_3_15","3G/4G","Airtel 4G"
"Congo 3GB 15Days","14.1","CG","CG_3_15","3G/4G","Airtel 4G"
"Cote d'Ivoire 3GB 15Days","17.6","CI","CI_3_15","3G/4G/5G","Orange 5G"
"Egypt 3GB 15Days","4.6","EG","EG_3_15","3G/4G/5G","Orange 5G"
"Gabon 3GB 15Days","11.2","GA","GA_3_15","3G/4G/5G","Airtel 5G"
"Kenya 3GB 15Days","14.1","KE","KE_3_15","3G/4G","Airtel 4G"
"Liberia 3GB 15Days","14.1","LR","LR_3_15","3G/4G/5G","Lonestar Cell MTN 5G"
"Mali 3GB 15Days","17.6","ML","ML_3_15","3G/4G/5G","Orange 5G"
"Morocco 3GB 15Days","3.7","MA","MA_3_15","3G/4G/5G","Orange Morocco 5G"
"Niger 3GB 15Days","17.6","NE","NE_3_15","3G/4G/5G","Orange 5G"
"Nigeria 3GB 15Days","11.2","NG","NG_3_15","3G/4G/5G","MTN 5G"
"Senegal 3GB 15Days","17.6","SN","SN_3_15","3G/4G/5G","Orange 5G"
"Seychelles 3GB 15Days","11.2","SC","SC_3_15","3G/4G/5G","Airtel 5G"
"Sudan 3GB 15Days","27","SD","SD_3_15","3G/4G","MTN 4G"
"Swaziland 3GB 15Days","17.6","SZ","SZ_3_15","3G/4G/5G","Swazi Mobile 5G"
"Tanzania 3GB 15Days","8.9","TZ","TZ_3_15","3G","Vodafone 3G"
"Uganda 3GB 15Days","14.1","UG","UG_3_15","3G/4G","Airtel 4G"
"Zambia 3GB 15Days","11.2","ZM","ZM_3_15","3G/4G/5G","Airtel 5G"
"Reunion 5GB 30Days","11","RE","RE_5_30","3G/4G/5G","Orange 5G"
"Malawi 5GB 30Days","21","MW","MW_5_30","3G/4G","Airtel 4G"
"Central African Republic 5GB 30Days","26","CF","CF_5_30","3G/4G/5G","Orange 5G"
"Chad 5GB 30Days","21","TD","TD_5_30","3G/4G","Airtel 4G"
"Congo 5GB 30Days","21","CG","CG_5_30","3G/4G","Airtel 4G"
"Cote d'Ivoire 5GB 30Days","26","CI","CI_5_30","3G/4G/5G","Orange 5G"
"Egypt 5GB 30Days","8.8","EG","EG_5_30","3G/4G/5G","Orange 5G"
"Kenya 5GB 30Days","21","KE","KE_5_30","3G/4G","Airtel 4G"
"Liberia 5GB 30Days","21","LR","LR_5_30","3G/4G/5G","Lonestar Cell MTN 5G"
"Senegal 5GB 30Days","26","SN","SN_5_30","3G/4G/5G","Orange 5G"
"Seychelles 5GB 30Days","17.1","SC","SC_5_30","3G/4G/5G","Airtel 5G"
"South Africa 5GB 30Days","13.6","ZA","ZA_5_30","3G/4G","Vodacom 4G"
"Sudan 5GB 30Days","41","SD","SD_5_30","3G/4G","MTN 4G"
"Tunisia 5GB 30Days","7","TN","TN_5_30","3G/4G","OOREDOO TN 4G"
"Zambia 5GB 30Days","17.1","ZM","ZM_5_30","3G/4G/5G","Airtel 5G"
"Egypt 10GB 30Days","12.2","EG","EG_10_30","3G/4G/5G","Orange 5G"
"South Africa 10GB 30Days","23","ZA","ZA_10_30","3G/4G","Vodacom 4G"
"Tunisia 10GB 30Days","12.2","TN","TN_10_30","3G/4G","OOREDOO TN 4G"
"Gibraltar 1GB 7Days","2.9","GI","GI_1_7","3G/4G/5G","GibTel 5G"
"Gibraltar 3GB 15Days","7.2","GI","GI_3_15","3G/4G/5G","GibTel 5G"
"Europe 1GB 7Days","2.9","NO,RS,DE,RU,BE,FI,PT,BG,DK,LT,LU,LV,HR,UA,FR,HU,SE,SI,SK,GB,IE,MK,GG,EE,GI,IM,CH,MT,IS,IT,GR,ES,AT,CY,AX,CZ,JE,PL,RO,LI,NL,TR","EU-42_1_7","3G/4G/5G","Nova 5G"
"Europe 10GB 30Days","19","NO,RS,DE,RU,BE,FI,PT,BG,DK,LT,LU,LV,HR,UA,FR,HU,SE,SI,SK,GB,IE,MK,GG,EE,GI,IM,CH,MT,IS,IT,GR,ES,AT,CY,AX,CZ,JE,PL,RO,LI,NL,TR","EU-42_10_30","3G/4G/5G","Nova 5G"
"South America 1GB 7Days","5.7","PR,SV,MQ,UY,HN,CL,PY,CO,BO,GT,CR,BR,AR,PA,PE,NI,EC","SA-18_1_7","3G/4G","Movistar 5G"
"South America 3GB 15Days","14.1","PR,SV,MQ,UY,HN,CL,PY,CO,BO,GT,CR,BR,AR,PA,PE,NI,EC","SA-18_3_15","3G/4G","Movistar 5G"
"South America 5GB 30Days","21","PR,SV,MQ,UY,HN,CL,PY,CO,BO,GT,CR,BR,AR,PA,PE,NI,EC","SA-18_5_30","3G/4G","Movistar 5G"
"South America 10GB 30Days","37","PR,SV,MQ,UY,HN,CL,PY,CO,BO,GT,CR,BR,AR,PA,PE,NI,EC","SA-18_10_30","3G/4G","Movistar 5G"
"North America 1GB 7Days","2.3","MX,US,CA","NA-3_1_7","3G/4G/5G","Verizon 5G"
"North America 5GB 30Days","8.8","MX,US,CA","NA-3_5_30","3G/4G/5G","Verizon 5G"
"North America 10GB 30Days","15.2","MX,US,CA","NA-3_10_30","3G/4G/5G","Verizon 5G"
"Africa 1GB 7Days","5.7","BF,LR,TZ,SC,SD,UG,MA,BW,MG,GA,KE,SN,ML,CD,GH,EG,CF,CG,CI,ZA,SZ,MW,TD,GW,RE,ZM,NE,NG,TN","AF-29_1_7","3G/4G","Orange 5G"
"Africa 5GB 30Days","21","BF,LR,TZ,SC,SD,UG,MA,BW,MG,GA,KE,SN,ML,CD,GH,EG,CF,CG,CI,ZA,SZ,MW,TD,GW,RE,ZM,NE,NG,TN","AF-29_5_30","3G/4G","Orange 5G"
"Thailand 20GB 30Days","8.2","TH","TH_20_30","3G/4G/5G","AIS 5G"
"New Zealand 10GB 30Days","12.2","NZ","NZ_10_30","3G/4G","Spark 4G"
"New Zealand 20GB 30Days","20","NZ","NZ_20_30","3G/4G","Spark 4G"
"Sri Lanka 10GB 30Days","15.4","LK","LK_10_30","3G/4G","Mobitel 4G"
"Sri Lanka 20GB 30Days","28","LK","LK_20_30","3G/4G","Mobitel 4G"
"Vietnam 20GB 30Days","20","VN","VN_20_30","3G/4G","MobiFone 4G"
"China 20GB 30Days","8.2","CN","CN_20_30","3G/4G/5G","China Mobile 5G"
"Singapore 20GB 30Days","8.2","SG","SG_20_30","3G/4G/5G","Simba 5G"
"Singapore 50GB 30Days","28","SG","SG_50_30","3G/4G/5G","Simba 5G"
"Asia-Pacific 6GB 8Days","11","NP,BD,PS,HK,TW,JO,BH,JP,BN,QA,BT,SG,ID,KH,GE,OM,MN,MO,IL,UZ,IN,KR,CN,MY,KW,GU,KZ,AU,LA,VN,PH,PK,LK","AS-31_6_8","3G/4G/5G",""
"Europe 20GB 30Days","32","NO,RS,DE,RU,BE,FI,PT,BG,DK,LT,LU,LV,HR,UA,FR,HU,SE,SI,SK,GB,IE,MK,GG,EE,GI,IM,CH,MT,IS,IT,GR,ES,AT,CY,AX,CZ,JE,PL,RO,LI,NL,TR","EU-42_20_30","3G/4G/5G","Nova 5G"
"Global138 6GB 15Days","25","PR,PS,HK,PT,HN,PY,HR,YE,HU,QA,GB-ENG,ID,IE,IL,IM,AE,IN,AF,ZA,IR,IS,IT,AL,AM,AT,RE,ZM,AU,AX,AZ,JE,ZW,RO,BA,RS,BD,BE,RU,BG,JO,JP,BH,BN,BO,SA,SB,SC,BT,SE,SG,SI,SJ,BY,SK,SM,KE,SN,KG,KH,CA,CD,SV,CG,CH,KR,SZ,CL,CN,KW,CO,CR,KZ,TD,LA,TJ,CY,CZ,TN,TO,LI,TR,LK,DE,TW,TZ,DK,LT,LU,WS-S,LV,DO,UA,TRNC,MC,MD,ME,MG,EC,MK,EE,MN,MO,EG,UY,UZ,MT,MU,MV,VA,MX,MY,ES,VG,VN,NG,NI,NL,NO,NP,FI,FJ,NR,FO,FR,NZ,GB-SCT,GB-NIR,GA,GB,OM,GE,GG,GH,GL,GR,GT,GU,PA,GB-WLS,PE,PG,PH,PK,PL","GL-144_6_15","3G/4G",""
"Malaysia 20GB 30Days","8.2","MY","MY_20_30","3G/4G/5G","DiGi 5G"
"Philippines 20GB 30Days","20","PH","PH_20_30","3G/4G/5G","Globe 5G"
"Australia 10GB 30Days","4.7","AU","AU_10_30","3G/4G/5G","Optus 5G"
"Australia 20GB 30Days","8.2","AU","AU_20_30","3G/4G/5G","Optus 5G"
"France 20GB 30Days","10.6","FR","FR_20_30","3G/4G/5G","SFR 5G"
"Greece 20GB 30Days","10.6","GR","GR_20_30","3G/4G/5G","Vodafone 5G"
"Norway 20GB 30Days","8.2","NO","NO_20_30","3G/4G/5G","Telia 5G"
"Portugal 20GB 30Days","10.6","PT","PT_20_30","3G/4G/5G","NOS 5G"
"Germany 20GB 30Days","10.6","DE","DE_20_30","3G/4G/5G","Vodafone 5G"
"Belgium 20GB 30Days","10.6","BE","BE_20_30","3G/4G/5G","Base 5G"
"Italy 20GB 30Days","10.6","IT","IT_20_30","3G/4G/5G","Iliad 5G"
"Spain 10GB 30Days","6.1","ES","ES_10_30","3G/4G/5G","Vodafone 5G"
"Spain 20GB 30Days","10.6","ES","ES_20_30","3G/4G/5G","Vodafone 5G"
"United Kingdom 20GB 30Days","10.6","GB","GB_20_30","3G/4G/5G","Vodafone 5G"
"Hong Kong 20GB 30Days","8.2","HK","HK_20_30","3G/4G/5G","csl 5G"
"Macao 20GB 30Days","8.2","MO","MO_20_30","3G/4G/5G","CTM 5G"
"Georgia 1GB 7Days","1.5","GE","GE_1_7","3G/4G","Beeline 4G"
"Kuwait 1GB 7Days","2.3","KW","KW_1_7","3G/4G","Ooredoo 4G"
"Qatar 1GB 7Days","3.6","QA","QA_1_7","3G/4G/5G","Vodafone 5G"
"Armenia 1GB 7Days","5.7","AM","AM_1_7","3G/4G","MTS 4G"
"Cambodia 1GB 7Days","2.3","KH","KH_1_7","3G/4G","Smart 4G"
"Algeria 1GB 7Days","1.1","DZ","DZ_1_7","3G/4G","Mobilis 4G"
"Bangladesh 1GB 7Days","2.9","BD","BD_1_7","3G/4G","Grameenphone 4G"
"Canada 1GB 7Days","2.3","CA","CA_1_7","3G/4G/5G","Fido 4G"
"Liechtenstein 1GB 7Days","1.5","LI","LI_1_7","3G/4G/5G","FL1 5G"
"North Macedonia of  1GB 7Days","2.3","MK","MK_1_7","3G/4G/5G","vip 5G"
"Mexico 1GB 7Days","2.3","MX","MX_1_7","3G/4G/5G","Movistar 5G"
"Mozambique 1GB 7Days","5.7","MZ","MZ_1_7","3G/4G","Vodafone 4G"
"Pakistan 1GB 7Days","1.8","PK","PK_1_7","3G/4G","Jazz 4G"
"Serbia 1GB 7Days","2.9","RS","RS_1_7","3G/4G","VIP 4G"
"Burkina Faso 1GB 7Days","7.1","BF","BF_1_7","3G/4G/5G","Orange 5G"
"Moldova 1GB 7Days","1.8","MD","MD_1_7","3G/4G/5G","Orange 5G"
"Monaco 1GB 7Days","7.1","MC","MC_1_7","3G/4G/5G","Office des Telephones 5G"
"Albania 1GB 7Days","2.9","AL","AL_1_7","3G/4G","Vodafone 4G"
"Cameroon 1GB 7Days","7.1","CM","CM_1_7","3G/4G/5G","Orange 5G"
"United Arab Emirates 1GB 7Days","2.2","AE","AE_1_7","3G/4G/5G","Etisalat 5G"
"Uzbekistan 1GB 7Days","1.5","UZ","UZ_1_7","3G/4G","Beeline 4G"
"Nepal 1GB 7Days","8.9","NP","NP_1_7","3G/4G","NT Mobile 4G"
"Kosovo 1GB 7Days","5.7","XK","XK_1_7","3G/4G","IPKO 4G"
"Mongolia 1GB 7Days","14","MN","MN_1_7","3G/4G","Unitel 4G"
"Bosnia and Herzegovina 1GB 7Days","4.6","BA","BA_1_7","3G/4G","HT-ERONET 4G"
"Austria 20GB 30Days","10.6","AT","AT_20_30","3G/4G/5G","3 5G"
"Croatia 20GB 30Days","10.6","HR","HR_20_30","3G/4G/5G","Tele2 5G"
"Czech Republic 20GB 30Days","10.6","CZ","CZ_20_30","3G/4G/5G","Vodafone 5G"
"Denmark 20GB 30Days","10.6","DK","DK_20_30","3G/4G/5G","3 5G"
"Hungary 20GB 30Days","10.6","HU","HU_20_30","3G/4G/5G","Telenor Hungary 5G"
"Albania 3GB 15Days","6","AL","AL_3_15","3G/4G","Vodafone 4G"
"Albania 5GB 30Days","11","AL","AL_5_30","3G/4G","Vodafone 4G"
"Algeria 3GB 15Days","2.8","DZ","DZ_3_15","3G/4G","Mobilis 4G"
"Algeria 5GB 30Days","4.4","DZ","DZ_5_30","3G/4G","Mobilis 4G"
"Armenia 3GB 15Days","14.1","AM","AM_3_15","3G/4G","MTS 4G"
"Bangladesh 3GB 15Days","7.2","BD","BD_3_15","3G/4G","Grameenphone 4G"
"Bangladesh 5GB 30Days","11","BD","BD_5_30","3G/4G","Grameenphone 4G"
"Bosnia and Herzegovina 3GB 15Days","11.2","BA","BA_3_15","3G/4G","HT-ERONET 4G"
"Burkina Faso 3GB 15Days","17.6","BF","BF_3_15","3G/4G/5G","Orange 5G"
"Burkina Faso 5GB 30Days","26","BF","BF_5_30","3G/4G/5G","Orange 5G"
"Cambodia 3GB 15Days","5.7","KH","KH_3_15","3G/4G","Smart 4G"
"Cameroon 3GB 15Days","17.6","CM","CM_3_15","3G/4G/5G","Orange 5G"
"Canada 3GB 15Days","5.7","CA","CA_3_15","3G/4G/5G","Fido 4G"
"Canada 5GB 30Days","8.8","CA","CA_5_30","3G/4G/5G","Fido 4G"
"Georgia 3GB 15Days","3.7","GE","GE_3_15","3G/4G","Beeline 4G"
"Georgia 5GB 30Days","5.7","GE","GE_5_30","3G/4G","Beeline 4G"
"Guernsey 1GB 7Days","4.6","GG","GG_1_7","3G/4G","Sure 4G"
"Guernsey 3GB 15Days","11.2","GG","GG_3_15","3G/4G","Sure 4G"
"Kosovo 3GB 15Days","14.1","XK","XK_3_15","3G/4G","IPKO 4G"
"Kosovo 5GB 30Days","21","XK","XK_5_30","3G/4G","IPKO 4G"
"Kuwait 3GB 15Days","5.7","KW","KW_3_15","3G/4G","Ooredoo 4G"
"Kuwait 5GB 30Days","8.8","KW","KW_5_30","3G/4G","Ooredoo 4G"
"Liechtenstein 3GB 15Days","3.7","LI","LI_3_15","3G/4G/5G","FL1 5G"
"North Macedonia of  3GB 15Days","5.7","MK","MK_3_15","3G/4G/5G","vip 5G"
"North Macedonia of  5GB 30Days","8.8","MK","MK_5_30","3G/4G/5G","vip 5G"
"Mexico 3GB 15Days","5.7","MX","MX_3_15","3G/4G/5G","Movistar 5G"
"Mexico 5GB 30Days","8.8","MX","MX_5_30","3G/4G/5G","Movistar 5G"
"Moldova 3GB 15Days","4.6","MD","MD_3_15","3G/4G/5G","Orange 5G"
"Monaco 3GB 15Days","17.6","MC","MC_3_15","3G/4G/5G","Office des Telephones 5G"
"Monaco 5GB 30Days","26","MC","MC_5_30","3G/4G/5G","Office des Telephones 5G"
"Mongolia 3GB 15Days","34","MN","MN_3_15","3G/4G","Unitel 4G"
"Montenegro 1GB 7Days","2.3","ME","ME_1_7","3G/4G","Telenor 4G"
"Montenegro 3GB 15Days","5.7","ME","ME_3_15","3G/4G","Telenor 4G"
"Mozambique 3GB 15Days","14.1","MZ","MZ_3_15","3G/4G","Vodafone 4G"
"Nepal 3GB 15Days","21","NP","NP_3_15","3G/4G","NT Mobile 4G"
"Pakistan 3GB 15Days","4.6","PK","PK_3_15","3G/4G","Jazz 4G"
"Pakistan 5GB 30Days","7","PK","PK_5_30","3G/4G","Jazz 4G"
"Qatar 3GB 15Days","8.9","QA","QA_3_15","3G/4G/5G","Vodafone 5G"
"Qatar 5GB 30Days","13.6","QA","QA_5_30","3G/4G/5G","Vodafone 5G"
"Serbia 3GB 15Days","7.2","RS","RS_3_15","3G/4G","VIP 4G"
"United Arab Emirates 3GB 15Days","5.27","AE","AE_3_15","3G/4G/5G","Etisalat 5G"
"United Arab Emirates 5GB 30Days","8.39","AE","AE_5_30","3G/4G/5G","Etisalat 5G"
"United Arab Emirates 10GB 60Days","14.98","AE","AE_10_60","3G/4G/5G","Etisalat 5G"
"Uzbekistan 5GB 30Days","5.7","UZ","UZ_5_30","3G/4G","Beeline 4G"
"Latvia 20GB 30Days","10.6","LV","LV_20_30","3G/4G/5G","Tele2 5G"
"Lithuania 20GB 30Days","16.8","LT","LT_20_30","3G/4G/5G","Telia 5G"
"Malta 20GB 30Days","16.8","MT","MT_20_30","3G/4G/5G","GO 5G"
"Estonia 20GB 30Days","10.6","EE","EE_20_30","3G/4G/5G","Telia 5G"
"Iceland 20GB 30Days","16.8","IS","IS_20_30","3G/4G/5G","Nova 5G"
"Luxembourg 20GB 30Days","10.6","LU","LU_20_30","3G/4G/5G","POST 5G"
"Ireland 20GB 30Days","10.6","IE","IE_20_30","3G/4G/5G","Vodafone 5G"
"Israel 20GB 30Days","16.8","IL","IL_20_30","3G/4G/5G","Cellcom 5G"
"Netherlands 20GB 30Days","10.6","NL","NL_20_30","3G/4G/5G","Vodafone 5G"
"Poland 20GB 30Days","8.2","PL","PL_20_30","3G/4G/5G","Orange 5G"
"Romania 20GB 30Days","8.2","RO","RO_20_30","3G/4G/5G","Vodafone 5G"
"Slovakia 20GB 30Days","10.6","SK","SK_20_30","3G/4G/5G","Orange 5G"
"Slovenia 20GB 30Days","10.6","SI","SI_20_30","3G/4G/5G","Mobitel 5G"
"Sweden 20GB 30Days","10.6","SE","SE_20_30","3G/4G/5G","3 5G"
"Switzerland 20GB 30Days","10.6","CH","CH_20_30","3G/4G/5G","Sunrise 5G"
"Turkey 20GB 30Days","7","TR","TR_20_30","3G/4G/5G","Avea 5G"
"Aaland Islands 20GB 30Days","20","AX","AX_20_30","3G/4G/5G","AMT 5G"
"Georgia 20GB 30Days","16.8","GE","GE_20_30","3G/4G","Beeline 4G"
"India 10GB 30Days","19","IN","IN_10_30","3G/4G/5G","AirTel 5G"
"India 20GB 30Days","32","IN","IN_20_30","3G/4G/5G","AirTel 5G"
"Indonesia 20GB 30Days","8.2","ID","ID_20_30","3G/4G/5G","Telkomsel 5G"
"Isle of Man 20GB 30Days","12.9","IM","IM_20_30","3G/4G/5G","Pronto GSM 5G"
"Japan 20GB 30Days","8.2","JP","JP_20_30","3G/4G","NTT docomo 4G"
"Kuwait 20GB 30Days","25","KW","KW_20_30","3G/4G","Ooredoo 4G"
"South Korea 20GB 30Days","8.2","KR","KR_20_30","3G/4G/5G","SKTelecom 5G"
"Kazakhstan 1GB 7Days","1.5","KZ","KZ_1_7","3G/4G","Beeline 4G"
"Kazakhstan 3GB 15Days","3.7","KZ","KZ_3_15","3G/4G","Beeline 4G"
"Kazakhstan 5GB 30Days","5.7","KZ","KZ_5_30","3G/4G","Beeline 4G"
"Kazakhstan 10GB 30Days","9.9","KZ","KZ_10_30","3G/4G","Beeline 4G"
"Kazakhstan 20GB 30Days","16.8","KZ","KZ_20_30","3G/4G","Beeline 4G"
"Jersey 20GB 30Days","8.2","JE","JE_20_30","3G/4G/5G","JT 5G"
"Kyrgyzstan 1GB 7Days","2.3","KG","KG_1_7","3G/4G","Beeline 4G"
"Kyrgyzstan 3GB 15Days","5.9","KG","KG_3_15","3G/4G","Beeline 4G"
"Kyrgyzstan 20GB 30Days","39","KG","KG_20_30","3G/4G","Beeline 4G"
"Qatar 20GB 30Days","40","QA","QA_20_30","3G/4G/5G","Vodafone 5G"
"Uzbekistan 10GB 30Days","9.9","UZ","UZ_10_30","3G/4G","Beeline 4G"
"Armenia 20GB 30Days","123","AM","AM_20_30","3G/4G","MTS 4G"
"Cambodia 10GB 30Days","15.2","KH","KH_10_30","3G/4G","Smart 4G"
"Cambodia 20GB 30Days","25","KH","KH_20_30","3G/4G","Smart 4G"
"Canada 10GB 30Days","15.2","CA","CA_10_30","3G/4G/5G","Fido 4G"
"Canada 20GB 30Days","25","CA","CA_20_30","3G/4G/5G","Fido 4G"
"Dominican Republic 1GB 7Days","5.7","DO","DO_1_7","3G","Altice 3G"
"Dominican Republic 3GB 15Days","14.1","DO","DO_3_15","3G","Altice 3G"
"Dominican Republic 5GB 30Days","21","DO","DO_5_30","3G","Altice 3G"
"Dominican Republic 20GB 30Days","63","DO","DO_20_30","3G","Altice 3G"
"Guernsey 20GB 30Days","50","GG","GG_20_30","3G/4G","Sure 4G"
"Jordan 20GB 30Days","20","JO","JO_20_30","3G/4G/5G","Zain 5G"
"Mexico 20GB 30Days","25","MX","MX_20_30","3G/4G/5G","Movistar 5G"
"Pakistan 10GB 30Days","12.2","PK","PK_10_30","3G/4G","Jazz 4G"
"Pakistan 20GB 30Days","20","PK","PK_20_30","3G/4G","Jazz 4G"
"Saudi Arabia 20GB 30Days","32","SA","SA_20_30","3G/4G/5G","Mobily 5G"
"Serbia 20GB 30Days","32","RS","RS_20_30","3G/4G","VIP 4G"
"Oman 20GB 30Days","63","OM","OM_20_30","3G/4G","Omantel 4G"
"Algeria 10GB 30Days","7.6","DZ","DZ_10_30","3G/4G","Mobilis 4G"
"Algeria 20GB 30Days","12.9","DZ","DZ_20_30","3G/4G","Mobilis 4G"
"Bangladesh 20GB 30Days","32","BD","BD_20_30","3G/4G","Grameenphone 4G"
"Guadeloupe 1GB 7Days","2.9","GP","GP_1_7","3G/4G","Digicel 4G"
"Guadeloupe 3GB 15Days","7.2","GP","GP_3_15","3G/4G","Digicel 4G"
"Guadeloupe 20GB 30Days","32","GP","GP_20_30","3G/4G","Digicel 4G"
"Mozambique 20GB 30Days","63","MZ","MZ_20_30","3G/4G","Vodafone 4G"
"Global139 1GB 7Days","17.5","PR,HK,PT,HN,PY,HR,YE,HU,QA,ID,IE,IL,IM,AE,IN,ZA,IS,IT,AL,AM,AR,AT,RE,ZM,AU,AX,AZ,JE,RO,BA,RS,BD,BE,RU,BF,BG,JO,JP,BH,BN,BO,SA,BR,SC,SD,SE,SG,BW,SI,BY,SK,KE,SN,KG,KH,CA,KI,CD,SV,CG,CH,CI,KR,SZ,CL,CM,CN,KW,CO,CR,KZ,TD,TH,CY,CZ,TN,LI,TR,LK,DE,TW,LR,TZ,DK,LT,LU,LV,UA,UG,MA,MC,DZ,MD,ME,MG,US,EC,MK,ML,EE,MO,EG,MQ,UY,UZ,MT,MW,MX,MY,ES,NE,VN,NG,NI,NL,NO,FI,FR,NZ,GA,GB,WS,OM,GE,GG,GH,GI,GL,GR,GT,GW,PA,XK,PE,PH,PK,PL","GL-139_1_7","3G/4G","China Mobile 5G"
"Global139 5GB 30Days","65","PR,HK,PT,HN,PY,HR,YE,HU,QA,ID,IE,IL,IM,AE,IN,ZA,IS,IT,AL,AM,AR,AT,RE,ZM,AU,AX,AZ,JE,RO,BA,RS,BD,BE,RU,BF,BG,JO,JP,BH,BN,BO,SA,BR,SC,SD,SE,SG,BW,SI,BY,SK,KE,SN,KG,KH,CA,KI,CD,SV,CG,CH,CI,KR,SZ,CL,CM,CN,KW,CO,CR,KZ,TD,TH,CY,CZ,TN,LI,TR,LK,DE,TW,LR,TZ,DK,LT,LU,LV,UA,UG,MA,MC,DZ,MD,ME,MG,US,EC,MK,ML,EE,MO,EG,MQ,UY,UZ,MT,MW,MX,MY,ES,NE,VN,NG,NI,NL,NO,FI,FR,NZ,GA,GB,WS,OM,GE,GG,GH,GI,GL,GR,GT,GW,PA,XK,PE,PH,PK,PL","GL-139_5_30","3G/4G","China Mobile 5G"
"Global139 10GB 30Days","113","PR,HK,PT,HN,PY,HR,YE,HU,QA,ID,IE,IL,IM,AE,IN,ZA,IS,IT,AL,AM,AR,AT,RE,ZM,AU,AX,AZ,JE,RO,BA,RS,BD,BE,RU,BF,BG,JO,JP,BH,BN,BO,SA,BR,SC,SD,SE,SG,BW,SI,BY,SK,KE,SN,KG,KH,CA,KI,CD,SV,CG,CH,CI,KR,SZ,CL,CM,CN,KW,CO,CR,KZ,TD,TH,CY,CZ,TN,LI,TR,LK,DE,TW,LR,TZ,DK,LT,LU,LV,UA,UG,MA,MC,DZ,MD,ME,MG,US,EC,MK,ML,EE,MO,EG,MQ,UY,UZ,MT,MW,MX,MY,ES,NE,VN,NG,NI,NL,NO,FI,FR,NZ,GA,GB,WS,OM,GE,GG,GH,GI,GL,GR,GT,GW,PA,XK,PE,PH,PK,PL","GL-139_10_30","3G/4G","China Mobile 5G"
"Morocco 20GB 30Days","16.8","MA","MA_20_30","3G/4G/5G","Orange Morocco 5G"
"Bolivia 20GB 30Days","99","BO","BO_20_30","3G/4G/5G","Tigo 5G"
"Brunei Darussalam 1GB 7Days","4.6","BN","BN_1_7","3G/4G","DST 4G"
"Brunei Darussalam 3GB 15Days","11.2","BN","BN_3_15","3G/4G","DST 4G"
"Brunei Darussalam 20GB 30Days","50","BN","BN_20_30","3G/4G","DST 4G"
"Middle East 1GB 7Days","7","QA,IL,AE,JO,BH,AZ,KW,AM,SA,TR,OM","ME-13_1_7","3G/4G","Zain 5G"
"Middle East 5GB 30Days","26","QA,IL,AE,JO,BH,AZ,KW,AM,SA,TR,OM","ME-13_5_30","3G/4G","Zain 5G"
"Argentina 20GB 30Days","40","AR","AR_20_30","3G/4G/5G","Movistar 5G"
"Brazil 20GB 30Days","25","BR","BR_20_30","3G/4G/5G","TIM 5G"
"Peru 20GB 30Days","98","PE","PE_20_30","3G/4G/5G","Entel 5G"
"Albania 10GB 30Days","18.5","AL","AL_10_30","3G/4G","Vodafone 4G"
"Albania 20GB 30Days","33","AL","AL_20_30","3G/4G","Vodafone 4G"
"Belarus 1GB 7Days","2.1","BY","BY_1_7","3G/4G","A1 4G"
"Belarus 3GB 15Days","6.3","BY","BY_3_15","3G/4G","A1 4G"
"Belarus 5GB 30Days","10.5","BY","BY_5_30","3G/4G","A1 4G"
"China (mainland HK Macao) 1GB 7Days","1.5","MO,HK,CN","CN-3_1_7","3G/4G/5G","China Unicom 5G"
"China (mainland HK Macao) 3GB 15Days","3.7","MO,HK,CN","CN-3_3_15","3G/4G/5G","China Unicom 5G"
"China (mainland HK Macao) 5GB 30Days","5.7","MO,HK,CN","CN-3_5_30","3G/4G/5G","China Unicom 5G"
"China (mainland HK Macao) 10GB 30Days","9.9","MO,HK,CN","CN-3_10_30","3G/4G/5G","China Unicom 5G"
"China (mainland HK Macao) 20GB 30Days","16.8","MO,HK,CN","CN-3_20_30","3G/4G/5G","China Unicom 5G"
"Asia (7 areas) 1GB 7Days","1.8","TH,SG,VN,PH,ID,MY,KH","AS-7_1_7","3G/4G/5G","MobiFone 4G"
"Asia (7 areas) 3GB 15Days","4.6","TH,SG,VN,PH,ID,MY,KH","AS-7_3_15","3G/4G/5G","MobiFone 4G"
"Asia (7 areas) 5GB 30Days","7","TH,SG,VN,PH,ID,MY,KH","AS-7_5_30","3G/4G/5G","MobiFone 4G"
"Asia (7 areas) 10GB 30Days","12.2","TH,SG,VN,PH,ID,MY,KH","AS-7_10_30","3G/4G/5G","MobiFone 4G"
"Asia (7 areas) 20GB 30Days","20","TH,SG,VN,PH,ID,MY,KH","AS-7_20_30","3G/4G/5G","MobiFone 4G"
"Asia-20 1GB 30 Days","3.7","MO,HK,IL,IN,JP,KR,CN,NZ,MY,KW,SA,AU,TH,SG,VN,PH,ID,PK,KH,LK","AS-20_1_30","3G/4G/5G","Optus 5G"
"Asia-20 5GB 30 Days","13.6","MO,HK,IL,IN,JP,KR,CN,NZ,MY,KW,SA,AU,TH,SG,VN,PH,ID,PK,KH,LK","AS-20_5_30","3G/4G/5G","Optus 5G"
"Asia-20 3GB 15Days","8.9","MO,HK,IL,IN,JP,KR,CN,NZ,MY,KW,SA,AU,TH,SG,VN,PH,ID,PK,KH,LK","AS-20_3_15","3G/4G/5G","Optus 5G"
"Asia-20 10GB 30Days","23","MO,HK,IL,IN,JP,KR,CN,NZ,MY,KW,SA,AU,TH,SG,VN,PH,ID,PK,KH,LK","AS-20_10_30","3G/4G/5G","Optus 5G"
"Asia-20 20GB 90 Days","42","MO,HK,IL,IN,JP,KR,CN,NZ,MY,KW,SA,AU,TH,SG,VN,PH,ID,PK,KH,LK","AS-20_20_90","3G/4G/5G","Optus 5G"
"Asia-20 50GB 180 Days","89","MO,HK,IL,IN,JP,KR,CN,NZ,MY,KW,SA,AU,TH,SG,VN,PH,ID,PK,KH,LK","AS-20_50_180","3G/4G/5G","Optus 5G"
"Asia-20 1GB 7 Days","3.6","MO,HK,IL,IN,JP,KR,CN,NZ,MY,KW,SA,AU,TH,SG,VN,PH,ID,PK,KH,LK","AS-20_1_7","3G/4G/5G","Optus 5G"
"France 50GB 180Days","22","FR","FR_50_180","3G/4G/5G","SFR 5G"
"Greece 50GB 180Days","22","GR","GR_50_180","3G/4G/5G","Vodafone 5G"
"Norway 50GB 180Days","28","NO","NO_50_180","3G/4G/5G","Telia 5G"
"Germany 50GB 180Days","22","DE","DE_50_180","3G/4G/5G","Vodafone 5G"
"Uzbekistan 3GB 30Days","3.8","UZ","UZ_3_30","3G/4G","Beeline 4G"
"South America 3GB 30Days","14.4","PR,SV,MQ,UY,HN,CL,PY,CO,BO,GT,CR,BR,AR,PA,PE,NI,EC","SA-18_3_30","3G/4G","Movistar 5G"
"North America 3GB 30Days","5.9","MX,US,CA","NA-3_3_30","3G/4G/5G","Verizon 5G"
"Africa 3GB 30Days","14.4","BF,LR,TZ,SC,SD,UG,MA,BW,MG,GA,KE,SN,ML,CD,GH,EG,CF,CG,CI,ZA,SZ,MW,TD,GW,RE,ZM,NE,NG,TN","AF-29_3_30","3G/4G","Orange 5G"
"Europe 20GB 90Days","34","NO,RS,DE,RU,BE,FI,PT,BG,DK,LT,LU,LV,HR,UA,FR,HU,SE,SI,SK,GB,IE,MK,GG,EE,GI,IM,CH,MT,IS,IT,GR,ES,AT,CY,AX,CZ,JE,PL,RO,LI,NL,TR","EU-42_20_90","3G/4G/5G","Nova 5G"
"Europe 50GB 180Days","78","NO,RS,DE,RU,BE,FI,PT,BG,DK,LT,LU,LV,HR,UA,FR,HU,SE,SI,SK,GB,IE,MK,GG,EE,GI,IM,CH,MT,IS,IT,GR,ES,AT,CY,AX,CZ,JE,PL,RO,LI,NL,TR","EU-42_50_180","3G/4G/5G","Nova 5G"
"Belgium 50GB 180Days","22","BE","BE_50_180","3G/4G/5G","Base 5G"
"Italy 50GB 180Days","22","IT","IT_50_180","3G/4G/5G","Iliad 5G"
"Spain 50GB 180Days","22","ES","ES_50_180","3G/4G/5G","Vodafone 5G"
"United Kingdom 50GB 180Days","28","GB","GB_50_180","3G/4G/5G","Vodafone 5G"
"North America 20GB 90Days","27","MX,US,CA","NA-3_20_90","3G/4G/5G","Verizon 5G"
"North America 50GB 180Days","58","MX,US,CA","NA-3_50_180","3G/4G/5G","Verizon 5G"
"Austria 50GB 180Days","22","AT","AT_50_180","3G/4G/5G","3 5G"
"Croatia 50GB 180Days","28","HR","HR_50_180","3G/4G/5G","Tele2 5G"
"Czech Republic 50GB 180Days","30","CZ","CZ_50_180","3G/4G/5G","Vodafone 5G"
"Denmark 50GB 180Days","22","DK","DK_50_180","3G/4G/5G","3 5G"
"Hungary 50GB 180Days","22","HU","HU_50_180","3G/4G/5G","Telenor Hungary 5G"
"Albania 3GB 30Days","7.3","AL","AL_3_30","3G/4G","Vodafone 4G"
"Latvia 50GB 180Days","30","LV","LV_50_180","3G/4G/5G","Tele2 5G"
"Lithuania 50GB 180Days","37","LT","LT_50_180","3G/4G/5G","Telia 5G"
"Cyprus 50GB 180Days","30","CY","CY_50_180","3G/4G/5G","Vodafone 5G"
"Estonia 50GB 180Days","30","EE","EE_50_180","3G/4G/5G","Telia 5G"
"Finland 50GB 180Days","28","FI","FI_50_180","3G/4G/5G","Elisa 5G"
"Iceland 50GB 180Days","37","IS","IS_50_180","3G/4G/5G","Nova 5G"
"Luxembourg 50GB 180Days","30","LU","LU_50_180","3G/4G/5G","POST 5G"
"Bulgaria 50GB 180Days","30","BG","BG_50_180","3G/4G/5G","Vivacom 5G"
"Ireland 50GB 180Days","22","IE","IE_50_180","3G/4G/5G","Vodafone 5G"
"Israel 50GB 180Days","37","IL","IL_50_180","3G/4G/5G","Cellcom 5G"
"Netherlands 50GB 180Days","30","NL","NL_50_180","3G/4G/5G","Vodafone 5G"
"Poland 50GB 180Days","28","PL","PL_50_180","3G/4G/5G","Orange 5G"
"Romania 50GB 180Days","30","RO","RO_50_180","3G/4G/5G","Vodafone 5G"
"Slovakia 50GB 180Days","30","SK","SK_50_180","3G/4G/5G","Orange 5G"
"Slovenia 50GB 180Days","30","SI","SI_50_180","3G/4G/5G","Mobitel 5G"
"Switzerland 50GB 180Days","22","CH","CH_50_180","3G/4G/5G","Sunrise 5G"
"Turkey 50GB 180Days","28","TR","TR_50_180","3G/4G/5G","Avea 5G"
"Global139 3GB 30Days","43","PR,HK,PT,HN,PY,HR,YE,HU,QA,ID,IE,IL,IM,AE,IN,ZA,IS,IT,AL,AM,AR,AT,RE,ZM,AU,AX,AZ,JE,RO,BA,RS,BD,BE,RU,BF,BG,JO,JP,BH,BN,BO,SA,BR,SC,SD,SE,SG,BW,SI,BY,SK,KE,SN,KG,KH,CA,KI,CD,SV,CG,CH,CI,KR,SZ,CL,CM,CN,KW,CO,CR,KZ,TD,TH,CY,CZ,TN,LI,TR,LK,DE,TW,LR,TZ,DK,LT,LU,LV,UA,UG,MA,MC,DZ,MD,ME,MG,US,EC,MK,ML,EE,MO,EG,MQ,UY,UZ,MT,MW,MX,MY,ES,NE,VN,NG,NI,NL,NO,FI,FR,NZ,GA,GB,WS,OM,GE,GG,GH,GI,GL,GR,GT,GW,PA,XK,PE,PH,PK,PL","GL-139_3_30","3G/4G","China Mobile 5G"
"Global139 20GB 90Days","206","PR,HK,PT,HN,PY,HR,YE,HU,QA,ID,IE,IL,IM,AE,IN,ZA,IS,IT,AL,AM,AR,AT,RE,ZM,AU,AX,AZ,JE,RO,BA,RS,BD,BE,RU,BF,BG,JO,JP,BH,BN,BO,SA,BR,SC,SD,SE,SG,BW,SI,BY,SK,KE,SN,KG,KH,CA,KI,CD,SV,CG,CH,CI,KR,SZ,CL,CM,CN,KW,CO,CR,KZ,TD,TH,CY,CZ,TN,LI,TR,LK,DE,TW,LR,TZ,DK,LT,LU,LV,UA,UG,MA,MC,DZ,MD,ME,MG,US,EC,MK,ML,EE,MO,EG,MQ,UY,UZ,MT,MW,MX,MY,ES,NE,VN,NG,NI,NL,NO,FI,FR,NZ,GA,GB,WS,OM,GE,GG,GH,GI,GL,GR,GT,GW,PA,XK,PE,PH,PK,PL","GL-139_20_90","3G/4G","China Mobile 5G"
"Middle East 3GB 30Days","17.9","QA,IL,AE,JO,BH,AZ,KW,AM,SA,TR,OM","ME-13_3_30","3G/4G","Zain 5G"
"Singapore 3GB 30Days","1.8","SG","SG_3_30","3G/4G/5G","Simba 5G"
"Thailand 50GB 180Days","32","TH","TH_50_180","3G/4G/5G","AIS 5G"
"New Zealand 50GB 180Days","45","NZ","NZ_50_180","3G/4G","Spark 4G"
"Sri Lanka 50GB 180Days","71","LK","LK_50_180","3G/4G","Mobitel 4G"
"Vietnam 50GB 180Days","45","VN","VN_50_180","3G/4G","MobiFone 4G"
"China 50GB 180Days","28","CN","CN_50_180","3G/4G/5G","China Mobile 5G"
"Malaysia 50GB 180Days","28","MY","MY_50_180","3G/4G/5G","DiGi 5G"
"Philippines 50GB 180Days","45","PH","PH_50_180","3G/4G/5G","Globe 5G"
"Australia 50GB 180Days","28","AU","AU_50_180","3G/4G/5G","Optus 5G"
"Hong Kong 50GB 180Days","32","HK","HK_50_180","3G/4G/5G","csl 5G"
"Macao 50GB 180Days","32","MO","MO_50_180","3G/4G/5G","CTM 5G"
"Japan 50GB 180Days","28","JP","JP_50_180","3G/4G","NTT docomo 4G"
"China (mainland HK Macao) 50GB 180Days","37","MO,HK,CN","CN-3_50_180","3G/4G/5G","China Unicom 5G"
"Asia (7 areas) 50GB 180Days","45","TH,SG,VN,PH,ID,MY,KH","AS-7_50_180","3G/4G/5G","MobiFone 4G"
"Tunisia 3GB 30Days","4.7","TN","TN_3_30","3G/4G","OOREDOO TN 4G"
"Global139 1GB 365Days","38","PR,HK,PT,HN,PY,HR,YE,HU,QA,ID,IE,IL,IM,AE,IN,ZA,IS,IT,AL,AM,AR,AT,RE,ZM,AU,AX,AZ,JE,RO,BA,RS,BD,BE,RU,BF,BG,JO,JP,BH,BN,BO,SA,BR,SC,SD,SE,SG,BW,SI,BY,SK,KE,SN,KG,KH,CA,KI,CD,SV,CG,CH,CI,KR,SZ,CL,CM,CN,KW,CO,CR,KZ,TD,TH,CY,CZ,TN,LI,TR,LK,DE,TW,LR,TZ,DK,LT,LU,LV,UA,UG,MA,MC,DZ,MD,ME,MG,US,EC,MK,ML,EE,MO,EG,MQ,UY,UZ,MT,MW,MX,MY,ES,NE,VN,NG,NI,NL,NO,FI,FR,NZ,GA,GB,WS,OM,GE,GG,GH,GI,GL,GR,GT,GW,PA,XK,PE,PH,PK,PL","GL-139_1_365","3G/4G","China Mobile 5G"
"United States 20GB 90Days","10.8","US","US_20_90","3G/4G/5G","Verizon 5G"
"United States 50GB 180Days","35","US","US_50_180","3G/4G/5G","Verizon 5G"
"United States 10GB 30Days","6.1","US","US_10_30","3G/4G/5G","Verizon 5G"
"United States 3GB 15Days","2.2","US","US_3_15","3G/4G/5G","Verizon 5G"
"United States 1GB 7Days","0.9","US","US_1_7","3G/4G/5G","Verizon 5G"
"United States 5GB 30Days","3.4","US","US_5_30","3G/4G/5G","Verizon 5G"
"United States 3GB 30Days","2.3","US","US_3_30","3G/4G/5G","Verizon 5G"
"Singapore 1GB/Day","0.9","SG","SG_1_Daily","3G/4G/5G","Simba 5G"
"Singapore 2GB/Day","1.8","SG","SG_2_Daily","3G/4G/5G","Simba 5G"
"United States 1GB/Day","1.3","US","US_1_Daily","3G/4G/5G","Verizon 5G"
"United States 1.5GB/Day","1.6","US","US_1.5_Daily","3G/4G/5G","Verizon 5G"
"United States 2GB/Day","2.3","US","US_2_Daily","3G/4G/5G","Verizon 5G"
"Canada 1GB/Day","1.8","CA","CA_1_Daily","3G/4G/5G","Rogers Wireless 5G"
"Canada 1.5GB/Day","2.7","CA","CA_1.5_Daily","3G/4G/5G","Rogers Wireless 5G"
"Canada 2GB/Day","3.6","CA","CA_2_Daily","3G/4G/5G","Rogers Wireless 5G"
"Hong Kong 1GB/Day","0.85","HK","HK_1_Daily","3G/4G/5G","csl 5G"
"Hong Kong 2GB/Day","1.6","HK","HK_2_Daily","3G/4G/5G","csl 5G"
"India 500MB/Day","1.2","IN","IN_0.5_Daily","3G/4G/5G","AirTel 5G"
"India 1GB/Day","2.4","IN","IN_1_Daily","3G/4G/5G","AirTel 5G"
"Indonesia 500MB/Day","0.5","ID","ID_0.5_Daily","3G/4G/5G","Telkomsel 5G"
"Indonesia 1GB/Day","0.9","ID","ID_1_Daily","3G/4G/5G","Telkomsel 5G"
"Japan 500MB/Day","0.5","JP","JP_0.5_Daily","3G/4G","NTT docomo 4G"
"Japan 1GB/Day","1","JP","JP_1_Daily","3G/4G","NTT docomo 4G"
"Japan 2GB/Day","2","JP","JP_2_Daily","3G/4G","NTT docomo 4G"
"Malaysia 500MB/Day","0.5","MY","MY_0.5_Daily","3G/4G/5G","DiGi 5G"
"Malaysia 1GB/Day","0.9","MY","MY_1_Daily","3G/4G/5G","DiGi 5G"
"Malaysia 2GB/Day","1.7","MY","MY_2_Daily","3G/4G/5G","DiGi 5G"
"Philippines 500MB/Day","0.8","PH","PH_0.5_Daily","3G/4G/5G","Globe 5G"
"Philippines 1GB/Day","1.5","PH","PH_1_Daily","3G/4G/5G","Globe 5G"
"Philippines 2GB/Day","3","PH","PH_2_Daily","3G/4G/5G","Globe 5G"
"South Korea 1GB/Day","0.8","KR","KR_1_Daily","3G/4G/5G","SKTelecom 5G"
"Thailand 500MB/Day","0.5","TH","TH_0.5_Daily","3G/4G/5G","AIS 5G"
"Thailand 1GB/Day","0.9","TH","TH_1_Daily","3G/4G/5G","AIS 5G"
"United Kingdom 500MB/Day","0.6","GB","GB_0.5_Daily","3G/4G/5G","Vodafone 5G"
"United Kingdom 1GB/Day","0.8","GB","GB_1_Daily","3G/4G/5G","Vodafone 5G"
"United Kingdom 2GB/Day","1.55","GB","GB_2_Daily","3G/4G/5G","Vodafone 5G"
"Australia 500MB/Day","0.5","AU","AU_0.5_Daily","3G/4G/5G","Optus 5G"
"Australia 1GB/Day","1","AU","AU_1_Daily","3G/4G/5G","Optus 5G"
"New Zealand 500MB/Day","0.8","NZ","NZ_0.5_Daily","3G/4G","Spark 4G"
"New Zealand 1GB/Day","1.5","NZ","NZ_1_Daily","3G/4G","Spark 4G"
"North America 1GB/Day","2.2","MX,US,CA","NA-3_1_Daily","3G/4G/5G","Verizon 5G"
"North America 1.5GB/Day","3.2","MX,US,CA","NA-3_1.5_Daily","3G/4G/5G","Verizon 5G"
"North America 2GB/Day","4.3","MX,US,CA","NA-3_2_Daily","3G/4G/5G","Verizon 5G"
"Japan 3GB 30Days","1.8","JP","JP_3_30","3G/4G","NTT docomo 4G"
"South Africa 3GB 30Days","9.1","ZA","ZA_3_30","3G/4G","Vodacom 4G"
"North America 1GB 30Days","2.5","MX,US,CA","NA-3_1_30","3G/4G/5G","Verizon 5G"
"Singapore 500MB/Day","0.5","SG","SG_0.5_Daily","3G/4G/5G","Simba 5G"
"Canada 3GB 30Days","5.9","CA","CA_3_30","3G/4G/5G","Fido 4G"
"South Korea 500MB/Day","0.4","KR","KR_0.5_Daily","3G/4G/5G","SKTelecom 5G"
"Australia 3GB 30Days","1.9","AU","AU_3_30","3G/4G/5G","Optus 5G"
"Asia (12 areas) 3GB 30Days","9","MO,HK,TW,TH,SG,JP,KR,VN,ID,CN,MY,KH","AS-12_3_30","3G/4G","MobiFone 4G"
"Asia (12 areas) 5GB 30Days","13.5","MO,HK,TW,TH,SG,JP,KR,VN,ID,CN,MY,KH","AS-12_5_30","3G/4G","MobiFone 4G"
"Asia (12 areas) 10GB 30Days","22.9","MO,HK,TW,TH,SG,JP,KR,VN,ID,CN,MY,KH","AS-12_10_30","3G/4G","MobiFone 4G"
"Asia (12 areas) 20GB 30Days","39.9","MO,HK,TW,TH,SG,JP,KR,VN,ID,CN,MY,KH","AS-12_20_30","3G/4G","MobiFone 4G"
"Indonesia 3GB 30Days","1.8","ID","ID_3_30","3G/4G","Indosat 4G"
"Singapore & Malaysia & Thailand 3GB 30Days","3","TH,SG,MY","SGMYTH-3_3_30","3G/4G/5G","AIS 5G"
"Singapore & Malaysia & Thailand 5GB 30Days","4.4","TH,SG,MY","SGMYTH-3_5_30","3G/4G/5G","AIS 5G"
"Singapore & Malaysia & Thailand 10GB 30Days","7.6","TH,SG,MY","SGMYTH-3_10_30","3G/4G/5G","AIS 5G"
"Singapore & Malaysia & Thailand 20GB 30Days","12.9","TH,SG,MY","SGMYTH-3_20_30","3G/4G/5G","AIS 5G"
"China (mainland HK Macao) 3GB 30Days","3.9","MO,HK,CN","CN-3_3_30","3G/4G/5G","China Unicom 5G"
"China 3GB 30Days","1.8","CN","CN_3_30","3G/4G/5G","China Mobile 5G"
"Mexico 3GB 30Days","5.9","MX","MX_3_30","3G/4G/5G","Movistar 5G"
"Mexico 10GB 30Days","15.2","MX","MX_10_30","3G/4G/5G","Movistar 5G"
"United Arab Emirates 20GB 30Days","26.54","AE","AE_20_30","3G/4G/5G","Etisalat 5G"
"United Arab Emirates 10GB 30Days","14.98","AE","AE_10_30","3G/4G/5G","Etisalat 5G"
"Thailand 10GB/Day","8","TH","TH_10_Daily","3G/4G/5G","AIS 5G"
"Vietnam 1GB/Day","1.46","VN","VN_1_Daily","3G/4G","MobiFone 4G"
"Ireland 500MB 3Days","0.6","IE","IE_500M_3","3G/4G/5G","Vodafone 5G"
"Europe(30+ areas) 1GB 30Days","1","NO,DE,BE,FI,PT,BG,DK,LT,LU,LV,HR,UA,FR,HU,SE,SI,SK,GB,IE,EE,CH,MT,IS,IT,GR,ES,AT,CY,CZ,PL,RO,LI,NL,TR","EU-30_1_30","3G/4G","Nova 5G"
"Europe(30+ areas) 3GB 30Days","3.8","NO,DE,BE,FI,PT,BG,DK,LT,LU,LV,HR,UA,FR,HU,SE,SI,SK,GB,IE,EE,CH,MT,IS,IT,GR,ES,AT,CY,CZ,PL,RO,LI,NL,TR","EU-30_3_30","3G/4G","Nova 5G"
"Europe(30+ areas) 5GB 30Days","5.7","NO,DE,BE,FI,PT,BG,DK,LT,LU,LV,HR,UA,FR,HU,SE,SI,SK,GB,IE,EE,CH,MT,IS,IT,GR,ES,AT,CY,CZ,PL,RO,LI,NL,TR","EU-30_5_30","3G/4G","Nova 5G"
"Europe(30+ areas) 1GB 7Days","1.5","NO,DE,BE,FI,PT,BG,DK,LT,LU,LV,HR,UA,FR,HU,SE,SI,SK,GB,IE,EE,CH,MT,IS,IT,GR,ES,AT,CY,CZ,PL,RO,LI,NL,TR","EU-30_1_7","3G/4G","Nova 5G"
"Europe(30+ areas) 10GB 30Days","9.9","NO,DE,BE,FI,PT,BG,DK,LT,LU,LV,HR,UA,FR,HU,SE,SI,SK,GB,IE,EE,CH,MT,IS,IT,GR,ES,AT,CY,CZ,PL,RO,LI,NL,TR","EU-30_10_30","3G/4G","Nova 5G"
"Europe(30+ areas) 20GB 30Days","16.8","NO,DE,BE,FI,PT,BG,DK,LT,LU,LV,HR,UA,FR,HU,SE,SI,SK,GB,IE,EE,CH,MT,IS,IT,GR,ES,AT,CY,CZ,PL,RO,LI,NL,TR","EU-30_20_30","3G/4G","Nova 5G"
"Europe(30+ areas) 20GB 90Days","17.3","NO,DE,BE,FI,PT,BG,DK,LT,LU,LV,HR,UA,FR,HU,SE,SI,SK,GB,IE,EE,CH,MT,IS,IT,GR,ES,AT,CY,CZ,PL,RO,LI,NL,TR","EU-30_20_90","3G/4G","Nova 5G"
"Europe(30+ areas) 50GB 180Days","36.5","NO,DE,BE,FI,PT,BG,DK,LT,LU,LV,HR,UA,FR,HU,SE,SI,SK,GB,IE,EE,CH,MT,IS,IT,GR,ES,AT,CY,CZ,PL,RO,LI,NL,TR","EU-30_50_180","3G/4G","Nova 5G"
"Europe(30+ areas) 1GB/Day","1.5","NO,DE,BE,FI,PT,BG,DK,LT,LU,LV,HR,UA,FR,HU,SE,SI,SK,GB,IE,EE,CH,MT,IS,IT,GR,ES,AT,CY,CZ,PL,RO,LI,NL,TR","EU-30_1_Daily","3G/4G","Nova 5G"
"Europe(30+ areas) 1.5GB/Day","2.2","NO,DE,BE,FI,PT,BG,DK,LT,LU,LV,HR,UA,FR,HU,SE,SI,SK,GB,IE,EE,CH,MT,IS,IT,GR,ES,AT,CY,CZ,PL,RO,LI,NL,TR","EU-30_1.5_Daily","3G/4G","Nova 5G"
"Global (120+ areas) 1GB 7Days","4.6","PR,HK,PT,HN,PY,HR,HU,QA,ID,IE,IL,AE,IN,ZA,IS,IT,AL,AM,AR,AT,ZM,AU,AZ,RO,BA,RS,BE,RU,BG,JO,JP,BO,SA,BR,SC,SE,SG,BW,SI,SK,KE,SN,KG,CA,CD,SV,CF,CG,CH,CI,KR,SZ,CL,CM,CN,KW,CO,CR,KZ,TD,TH,CY,CZ,TN,LI,TR,LK,DE,TW,LR,TZ,DK,LT,LU,LV,UA,UG,MA,MC,MD,ME,MG,US,EC,MK,ML,EE,MO,EG,UY,UZ,MT,MU,MW,MX,MY,ES,NE,NG,NI,NL,NO,FI,FR,NZ,GA,GB,OM,GH,GI,GR,GT,GU,GW,PA,XK,PE,PH,PK,PL","GL-120_1_7","3G/4G","China Mobile 5G"
"Global (120+ areas) 1GB 365Days","7","PR,HK,PT,HN,PY,HR,HU,QA,ID,IE,IL,AE,IN,ZA,IS,IT,AL,AM,AR,AT,ZM,AU,AZ,RO,BA,RS,BE,RU,BG,JO,JP,BO,SA,BR,SC,SE,SG,BW,SI,SK,KE,SN,KG,CA,CD,SV,CF,CG,CH,CI,KR,SZ,CL,CM,CN,KW,CO,CR,KZ,TD,TH,CY,CZ,TN,LI,TR,LK,DE,TW,LR,TZ,DK,LT,LU,LV,UA,UG,MA,MC,MD,ME,MG,US,EC,MK,ML,EE,MO,EG,UY,UZ,MT,MU,MW,MX,MY,ES,NE,NG,NI,NL,NO,FI,FR,NZ,GA,GB,OM,GH,GI,GR,GT,GU,GW,PA,XK,PE,PH,PK,PL","GL-120_1_365","3G/4G","China Mobile 5G"
"Global (120+ areas) 5GB 30Days","18","PR,HK,PT,HN,PY,HR,HU,QA,ID,IE,IL,AE,IN,ZA,IS,IT,AL,AM,AR,AT,ZM,AU,AZ,RO,BA,RS,BE,RU,BG,JO,JP,BO,SA,BR,SC,SE,SG,BW,SI,SK,KE,SN,KG,CA,CD,SV,CF,CG,CH,CI,KR,SZ,CL,CM,CN,KW,CO,CR,KZ,TD,TH,CY,CZ,TN,LI,TR,LK,DE,TW,LR,TZ,DK,LT,LU,LV,UA,UG,MA,MC,MD,ME,MG,US,EC,MK,ML,EE,MO,EG,UY,UZ,MT,MU,MW,MX,MY,ES,NE,NG,NI,NL,NO,FI,FR,NZ,GA,GB,OM,GH,GI,GR,GT,GU,GW,PA,XK,PE,PH,PK,PL","GL-120_5_30","3G/4G","China Mobile 5G"
"Global (120+ areas) 3GB 30Days","11.4","PR,HK,PT,HN,PY,HR,HU,QA,ID,IE,IL,AE,IN,ZA,IS,IT,AL,AM,AR,AT,ZM,AU,AZ,RO,BA,RS,BE,RU,BG,JO,JP,BO,SA,BR,SC,SE,SG,BW,SI,SK,KE,SN,KG,CA,CD,SV,CF,CG,CH,CI,KR,SZ,CL,CM,CN,KW,CO,CR,KZ,TD,TH,CY,CZ,TN,LI,TR,LK,DE,TW,LR,TZ,DK,LT,LU,LV,UA,UG,MA,MC,MD,ME,MG,US,EC,MK,ML,EE,MO,EG,UY,UZ,MT,MU,MW,MX,MY,ES,NE,NG,NI,NL,NO,FI,FR,NZ,GA,GB,OM,GH,GI,GR,GT,GU,GW,PA,XK,PE,PH,PK,PL","GL-120_3_30","3G/4G","China Mobile 5G"
"Global (120+ areas) 20GB 90Days","66.5","PR,HK,PT,HN,PY,HR,HU,QA,ID,IE,IL,AE,IN,ZA,IS,IT,AL,AM,AR,AT,ZM,AU,AZ,RO,BA,RS,BE,RU,BG,JO,JP,BO,SA,BR,SC,SE,SG,BW,SI,SK,KE,SN,KG,CA,CD,SV,CF,CG,CH,CI,KR,SZ,CL,CM,CN,KW,CO,CR,KZ,TD,TH,CY,CZ,TN,LI,TR,LK,DE,TW,LR,TZ,DK,LT,LU,LV,UA,UG,MA,MC,MD,ME,MG,US,EC,MK,ML,EE,MO,EG,UY,UZ,MT,MU,MW,MX,MY,ES,NE,NG,NI,NL,NO,FI,FR,NZ,GA,GB,OM,GH,GI,GR,GT,GU,GW,PA,XK,PE,PH,PK,PL","GL-120_20_90","3G/4G","China Mobile 5G"
"Global (120+ areas) 20GB 30Days","60","PR,HK,PT,HN,PY,HR,HU,QA,ID,IE,IL,AE,IN,ZA,IS,IT,AL,AM,AR,AT,ZM,AU,AZ,RO,BA,RS,BE,RU,BG,JO,JP,BO,SA,BR,SC,SE,SG,BW,SI,SK,KE,SN,KG,CA,CD,SV,CF,CG,CH,CI,KR,SZ,CL,CM,CN,KW,CO,CR,KZ,TD,TH,CY,CZ,TN,LI,TR,LK,DE,TW,LR,TZ,DK,LT,LU,LV,UA,UG,MA,MC,MD,ME,MG,US,EC,MK,ML,EE,MO,EG,UY,UZ,MT,MU,MW,MX,MY,ES,NE,NG,NI,NL,NO,FI,FR,NZ,GA,GB,OM,GH,GI,GR,GT,GU,GW,PA,XK,PE,PH,PK,PL","GL-120_20_30","3G/4G","China Mobile 5G"
"Global (120+ areas) 10GB 30Days","34","PR,HK,PT,HN,PY,HR,HU,QA,ID,IE,IL,AE,IN,ZA,IS,IT,AL,AM,AR,AT,ZM,AU,AZ,RO,BA,RS,BE,RU,BG,JO,JP,BO,SA,BR,SC,SE,SG,BW,SI,SK,KE,SN,KG,CA,CD,SV,CF,CG,CH,CI,KR,SZ,CL,CM,CN,KW,CO,CR,KZ,TD,TH,CY,CZ,TN,LI,TR,LK,DE,TW,LR,TZ,DK,LT,LU,LV,UA,UG,MA,MC,MD,ME,MG,US,EC,MK,ML,EE,MO,EG,UY,UZ,MT,MU,MW,MX,MY,ES,NE,NG,NI,NL,NO,FI,FR,NZ,GA,GB,OM,GH,GI,GR,GT,GU,GW,PA,XK,PE,PH,PK,PL","GL-120_10_30","3G/4G","China Mobile 5G"
"Europe(30+ areas) 2GB/Day","2.9","NO,DE,BE,FI,PT,BG,DK,LT,LU,LV,HR,UA,FR,HU,SE,SI,SK,GB,IE,EE,CH,MT,IS,IT,GR,ES,AT,CY,CZ,PL,RO,LI,NL,TR","EU-30_2_Daily","3G/4G","Nova 5G"
"Europe(30+ areas) 3GB/Day","4.4","NO,DE,BE,FI,PT,BG,DK,LT,LU,LV,HR,UA,FR,HU,SE,SI,SK,GB,IE,EE,CH,MT,IS,IT,GR,ES,AT,CY,CZ,PL,RO,LI,NL,TR","EU-30_3_Daily","3G/4G","Nova 5G"
"Asia (12 areas) 500MB/Day","1.9","MO,HK,TW,TH,SG,JP,KR,VN,ID,CN,MY,KH","AS-12_0.5_Daily","3G/4G","MobiFone 4G"
"Asia (12 areas) 1GB/Day","3.4","MO,HK,TW,TH,SG,JP,KR,VN,ID,CN,MY,KH","AS-12_1_Daily","3G/4G","MobiFone 4G"
"Asia (12 areas) 2GB/Day","6.6","MO,HK,TW,TH,SG,JP,KR,VN,ID,CN,MY,KH","AS-12_2_Daily","3G/4G","MobiFone 4G"
"Asia (12 areas) 3GB/Day","8.7","MO,HK,TW,TH,SG,JP,KR,VN,ID,CN,MY,KH","AS-12_3_Daily","3G/4G","MobiFone 4G"
"Australia 2GB/Day","2","AU","AU_2_Daily","3G/4G/5G","Optus 5G"
"Australia 3GB/Day","2.85","AU","AU_3_Daily","3G/4G/5G","Optus 5G"
"Australia 10GB/Day","9.3","AU","AU_10_Daily","3G/4G/5G","Optus 5G"
"Bahrain 500MB/Day","2.25","BH","BH_0.5_Daily","3G/4G/5G","Zain 5G"
"Bahrain 1GB/Day","4.5","BH","BH_1_Daily","3G/4G/5G","Zain 5G"
"Bahrain 2GB/Day","8.9","BH","BH_2_Daily","3G/4G/5G","Zain 5G"
"Bahrain 3GB/Day","11.1","BH","BH_3_Daily","3G/4G/5G","Zain 5G"
"Brunei Darussalam 500MB/Day","9.3","BN","BN_0.5_Daily","3G/4G","DST 4G"
"Brunei Darussalam 1GB/Day","14.5","BN","BN_1_Daily","3G/4G","DST 4G"
"Canada 500MB/Day","0.9","CA","CA_0.5_Daily","3G/4G/5G","Rogers Wireless 5G"
"Canada 3GB/Day","5.4","CA","CA_3_Daily","3G/4G/5G","Rogers Wireless 5G"
"China (mainland HK Macao) 500MB/Day","0.9","MO,HK,CN","CN-3_0.5_Daily","3G/4G/5G","China Unicom 5G"
"China (mainland HK Macao) 1GB/Day","1.6","MO,HK,CN","CN-3_1_Daily","3G/4G/5G","China Unicom 5G"
"China (mainland HK Macao) 2GB/Day","2.5","MO,HK,CN","CN-3_2_Daily","3G/4G/5G","China Unicom 5G"
"China (mainland HK Macao) 3GB/Day","3.8","MO,HK,CN","CN-3_3_Daily","3G/4G/5G","China Unicom 5G"
"Europe(30+ areas) 500MB/Day","0.8","NO,DE,BE,FI,PT,BG,DK,LT,LU,LV,HR,UA,FR,HU,SE,SI,SK,GB,IE,EE,CH,MT,IS,IT,GR,ES,AT,CY,CZ,PL,RO,LI,NL,TR","EU-30_0.5_Daily","3G/4G","Nova 5G"
"Europe(30+ areas) 300MB/Day","0.45","NO,DE,BE,FI,PT,BG,DK,LT,LU,LV,HR,UA,FR,HU,SE,SI,SK,GB,IE,EE,CH,MT,IS,IT,GR,ES,AT,CY,CZ,PL,RO,LI,NL,TR","EU-30_0.3_Daily","3G/4G","Nova 5G"
"Indonesia 2GB/Day","1.6","ID","ID_2_Daily","3G/4G","Indosat 4G"
"Indonesia 3GB/Day","2.4","ID","ID_3_Daily","3G/4G","Indosat 4G"
"Indonesia 10GB/Day","8","ID","ID_10_Daily","3G/4G/5G","Telkomsel 5G"
"Iraq 500MB/Day","1.1","IQ","IQ_0.5_Daily","3G/4G/5G","Zain 5G"
"Iraq 1GB/Day","2.2","IQ","IQ_1_Daily","3G/4G/5G","Zain 5G"
"Iraq 2GB/Day","4.3","IQ","IQ_2_Daily","3G/4G/5G","Zain 5G"
"Iraq 3GB/Day","5.6","IQ","IQ_3_Daily","3G/4G/5G","Zain 5G"
"Israel 500MB/Day","1.85","IL","IL_0.5_Daily","3G/4G/5G","Cellcom 5G"
"Israel 1GB/Day","2.9","IL","IL_1_Daily","3G/4G/5G","Cellcom 5G"
"Israel 2GB/Day","5.4","IL","IL_2_Daily","3G/4G/5G","Cellcom 5G"
"Israel 3GB/Day","8","IL","IL_3_Daily","3G/4G/5G","Cellcom 5G"
"Japan 3GB/Day","2.2","JP","JP_3_Daily","3G/4G","NTT docomo 4G"
"New Zealand 2GB/Day","2.9","NZ","NZ_2_Daily","3G/4G","Spark 4G"
"New Zealand 3GB/Day","4.2","NZ","NZ_3_Daily","3G/4G","Spark 4G"
"North America 500MB/Day","1.15","MX,US,CA","NA-3_0.5_Daily","3G/4G/5G","Verizon 5G"
"North America 3GB/Day","5.6","MX,US,CA","NA-3_3_Daily","3G/4G/5G","Verizon 5G"
"Philippine 3GB/Day","4.5","PH","PH_3_Daily","3G/4G/5G","Globe 5G"
"Reunion 500MB/Day","1.45","RE","RE_0.5_Daily","3G/4G/5G","Orange 5G"
"Reunion 1GB/Day","2.9","RE","RE_1_Daily","3G/4G/5G","Orange 5G"
"Reunion 2GB/Day","5.5","RE","RE_2_Daily","3G/4G/5G","Orange 5G"
"Reunion 3GB/Day","7.1","RE","RE_3_Daily","3G/4G/5G","Orange 5G"
"South Korea 2GB/Day","1.6","KR","KR_2_Daily","3G/4G/5G","SKTelecom 5G"
"South Korea 3GB/Day","2.4","KR","KR_3_Daily","3G/4G/5G","SKTelecom 5G"
"Thailand 2GB/Day","1.6","TH","TH_2_Daily","3G/4G/5G","AIS 5G"
"Thailand 3GB/Day","2.4","TH","TH_3_Daily","3G/4G/5G","AIS 5G"
"United States 3GB/Day","3.8","US","US_3_Daily","3G/4G/5G","Verizon 5G"
"United States 500MB/Day","0.86","US","US_0.5_Daily","3G/4G/5G","Verizon 5G"
"United States 10GB/Day","12.4","US","US_10_Daily","3G/4G/5G","Verizon 5G"
"Japan 5GB/Day","4.4","JP","JP_5_Daily","3G/4G","NTT docomo 4G"
"South Korea 5GB/Day","3.9","KR","KR_5_Daily","3G/4G/5G","SKTelecom 5G"
"Central Asia 10GB/Day","10.8","UZ,PK,KG,KZ,LK","AS-5_10_Daily","3G/4G","Beeline 4G"
"Central Asia 5GB/Day","6","UZ,PK,KG,KZ,LK","AS-5_5_Daily","3G/4G","Beeline 4G"
"Central Asia 1GB/Day","1.4","UZ,PK,KG,KZ,LK","AS-5_1_Daily","3G/4G","Beeline 4G"
"Central Asia 500MB/Day","0.6","UZ,PK,KG,KZ,LK","AS-5_0.5_Daily","3G/4G","Beeline 4G"
"Gulf Region 10GB/Day","22","QA,AE,BH,IQ,KW,SA","ME-6_10_Daily","3G/4G","Zain 5G"
"Gulf Region 5GB/Day","10.8","QA,AE,BH,IQ,KW,SA","ME-6_5_Daily","3G/4G","Zain 5G"
"Gulf Region 1GB/Day","2.9","QA,AE,BH,IQ,KW,SA","ME-6_1_Daily","3G/4G","Zain 5G"
"Gulf Region 500MB/Day","1.8","QA,AE,BH,IQ,KW,SA","ME-6_0.5_Daily","3G/4G","Zain 5G"
"Caribbean (20+ areas) 5GB/Day","35","BB,PR,JM,PY,DM,DO,BO,BR,GD,GF,KN,UY,AG,MS,AI,GP,CO,AN,VC,KY,TC,AR,VG,PE,LC","CB-24_5_Daily","3G/4G","Claro 4G"
"Caribbean (20+ areas) 1GB/Day","6.8","BB,PR,JM,PY,DM,DO,BO,BR,GD,GF,KN,UY,AG,MS,AI,GP,CO,AN,VC,KY,TC,AR,VG,PE,LC","CB-24_1_Daily","3G/4G","Claro 4G"
"Caribbean (20+ areas) 500MB/Day","3","BB,PR,JM,PY,DM,DO,BO,BR,GD,GF,KN,UY,AG,MS,AI,GP,CO,AN,VC,KY,TC,AR,VG,PE,LC","CB-24_0.5_Daily","3G/4G","Claro 4G"
"Brazil 5GB/Day","8.7","BR","BR_5_Daily","3G/4G/5G","TIM 5G"
"Brazil 1GB/Day","2.2","BR","BR_1_Daily","3G/4G/5G","TIM 5G"
"Brazil 500MB/Day","1.1","BR","BR_0.5_Daily","3G/4G/5G","TIM 5G"
"North America 10GB/Day","15.1","MX,US,CA","NA-3_10_Daily","3G/4G/5G","Verizon 5G"
"North America 5GB/Day","8.7","MX,US,CA","NA-3_5_Daily","3G/4G/5G","Verizon 5G"
"North America 10GB 30Days Single Use","19","MX,US,CA","NA-3_10_30_End","3G/4G/5G","Verizon 5G"
"North America 5GB   30Days Single Use","10","MX,US,CA","NA-3_5_30_End","3G/4G/5G","Verizon 5G"
"North America 3GB 30Days Single Use","6.6","MX,US,CA","NA-3_3_30_End","3G/4G/5G","Verizon 5G"
"North America  1GB 7Days Single Use","2.5","MX,US,CA","NA-3_1_7_End","3G/4G/5G","Verizon 5G"
"Canada 10GB 30Days Single Use","18","CA","CA_10_30_End","3G/4G/5G","Rogers Wireless 5G"
"Canada 5GB  30Days Single Use","10","CA","CA_5_30_End","3G/4G/5G","Rogers Wireless 5G"
"Canada 3GB  30Days Single Use","6.6","CA","CA_3_30_End","3G/4G/5G","Rogers Wireless 5G"
"Canada 1GB 7Days Single Use","2.5","CA","CA_1_7_End","3G/4G/5G","Rogers Wireless 5G"
"United States 10GB 30Days Single Use","5.9","US","US_10_30_End","3G/4G/5G","Verizon 5G"
"United States 5GB  30Days Single Use","3.25","US","US_5_30_End","3G/4G/5G","Verizon 5G"
"United States 3GB  30Days Single Use","2.2","US","US_3_30_End","3G/4G/5G","Verizon 5G"
"United States 1GB  7Days Single Use","0.8","US","US_1_7_End","3G/4G/5G","Verizon 5G"
"Gulf Region 10GB 30Days","22","QA,AE,BH,IQ,KW,SA","ME-6_10_30","3G/4G","Zain 5G"
"Gulf Region 5GB 30Days","10.8","QA,AE,BH,IQ,KW,SA","ME-6_5_30","3G/4G","Zain 5G"
"Gulf Region 3GB 30Days","6.8","QA,AE,BH,IQ,KW,SA","ME-6_3_30","3G/4G","Zain 5G"
"Gulf Region 1GB 7Days","2.3","QA,AE,BH,IQ,KW,SA","ME-6_1_7","3G/4G","Zain 5G"
"Caribbean (20+ areas) 10GB 30Days Single Use","44.9","BB,PR,JM,PY,DM,DO,BO,BR,GD,GF,KN,UY,AG,MS,AI,GP,CO,AN,VC,KY,TC,AR,VG,PE,LC","CB-24_10_30_End","3G/4G","Claro 4G"
"Caribbean (20+ areas) 5GB 30Days Single Use","26.9","BB,PR,JM,PY,DM,DO,BO,BR,GD,GF,KN,UY,AG,MS,AI,GP,CO,AN,VC,KY,TC,AR,VG,PE,LC","CB-24_5_30_End","3G/4G","Claro 4G"
"Caribbean (20+ areas) 3GB 30Days Single Use","14.9","BB,PR,JM,PY,DM,DO,BO,BR,GD,GF,KN,UY,AG,MS,AI,GP,CO,AN,VC,KY,TC,AR,VG,PE,LC","CB-24_3_30_End","3G/4G","Claro 4G"
"Caribbean (20+ areas) 1GB 7Days Single Use","5.9","BB,PR,JM,PY,DM,DO,BO,BR,GD,GF,KN,UY,AG,MS,AI,GP,CO,AN,VC,KY,TC,AR,VG,PE,LC","CB-24_1_7_End","3G/4G","Claro 4G"
"Brazil 10GB 30Days Single Use","22.8","BR","BR_10_30_End","3G/4G/5G","TIM 5G"
"Brazil 5GB 30Days Single Use","12.5","BR","BR_5_30_End","3G/4G/5G","TIM 5G"
"Brazil 3GB 30Days Single Use","7.5","BR","BR_3_30_End","3G/4G/5G","TIM 5G"
"Brazil 1GB 7Days Single Use","2.8","BR","BR_1_7_End","3G/4G/5G","TIM 5G"
"South Korea 10GB/Day","8","KR","KR_10_Daily","3G/4G/5G","SKTelecom 5G"
"Vietnam 10GB/Day","13.6","VN","VN_10_Daily","3G/4G","MobiFone 4G"
"Singapore 10GB/Day","9","SG","SG_10_Daily","3G/4G/5G","Simba 5G"
"Philippines 10GB/Day","15","PH","PH_10_Daily","3G/4G/5G","Globe 5G"
"Japan 10GB/Day","7.3","JP","JP_10_Daily","3G/4G","NTT docomo 4G"
"Hong Kong 10GB/Day","4.6","HK","HK_10_Daily","3G/4G/5G","csl 5G"
"Guam 1GB 7Days","3.6","GU","GU_1_7","3G/4G","Docomo 4G"
"Guam 3GB 15Days","8.9","GU","GU_3_15","3G/4G","Docomo 4G"
"Guam 3GB 30Days","9.1","GU","GU_3_30","3G/4G","Docomo 4G"
"Guam 5GB 30Days","13.6","GU","GU_5_30","3G/4G","Docomo 4G"
"Guam 10GB 30Days","23","GU","GU_10_30","3G/4G","Docomo 4G"
"Guam 20GB 30Days","40","GU","GU_20_30","3G/4G","Docomo 4G"
"China 500MB/Day","0.5","CN","CN_0.5_Daily","3G/4G/5G","China Mobile 5G"
"China 1GB/Day","0.65","CN","CN_1_Daily","3G/4G/5G","China Mobile 5G"
"Morocco 3GB 30Days","3.8","MA","MA_3_30","3G/4G/5G","Orange Morocco 5G"
"Morocco 5GB 30Days","5.7","MA","MA_5_30","3G/4G/5G","Orange Morocco 5G"
"Morocco 10GB 30Days","9.9","MA","MA_10_30","3G/4G/5G","Orange Morocco 5G"
"Egypt 3GB 30Days","4.7","EG","EG_3_30","3G/4G/5G","Orange 5G"
"Egypt 20GB 30Days","25","EG","EG_20_30","3G/4G/5G","Orange 5G"
"Pakistan 3GB 30Days","4.7","PK","PK_3_30","3G/4G","Jazz 4G"
"Sri Lanka 3GB 30Days","4.9","LK","LK_3_30","3G/4G","Mobitel 4G"
"Sri Lanka 500MB/Day","1.3","LK","LK_0.5_Daily","3G/4G","Mobitel 4G"
"Sri Lanka 1GB/Day","2.2","LK","LK_1_Daily","3G/4G","Mobitel 4G"
"Sri Lanka 2GB/Day","3.2","LK","LK_2_Daily","3G/4G","Mobitel 4G"
"Sri Lanka 3GB/Day","4.4","LK","LK_3_Daily","3G/4G","Mobitel 4G"
"Sri Lanka 5GB/Day","7","LK","LK_5_Daily","3G/4G","Mobitel 4G"
"Vietnam 500MB/Day","0.576","VN","VN_0.5_Daily","3G/4G","MobiFone 4G"
"Germany 1GB/Day","0.85","DE","DE_1_Daily","3G/4G/5G","Vodafone 5G"
"Italy 1GB/Day","0.85","IT","IT_1_Daily","3G/4G/5G","Iliad 5G"
"Morocco 1GB/Day","1.4","MA","MA_1_Daily","3G/4G/5G","Orange Morocco 5G"
"Morocco 2GB/Day","2.5","MA","MA_2_Daily","3G/4G/5G","Orange Morocco 5G"
"Egypt 2GB/Day","2.8","EG","EG_2_Daily","3G/4G/5G","Orange 5G"
"South Africa 1GB/Day","3.4","ZA","ZA_1_Daily","3G/4G","Vodacom 4G"
"Qatar 1GB/Day","1.7","QA","QA_1_Daily","3G/4G/5G","Vodafone 5G"
"Argentina 1GB/Day","3.4","AR","AR_1_Daily","3G/4G/5G","Movistar 5G"
"Mauritius 2GB/Day","5.4","MU","MU_2_Daily","3G/4G/5G","my.t 5G"
"Turkey 1GB/Day","0.42","TR","TR_1_Daily","3G/4G/5G","Avea 5G"
"Egypt 1GB/Day","1.7","EG","EG_1_Daily","3G/4G/5G","Orange 5G"
"France 1GB/Day","0.85","FR","FR_1_Daily","3G/4G/5G","SFR 5G"
"Ukraine 1GB/Day","0.65","UA","UA_1_Daily","3G/4G","Kyivstar 4G"
"Ireland 1GB/Day","0.85","IE","IE_1_Daily","3G/4G/5G","Vodafone 5G"
"Asia (7 areas) 1GB/Day","1.7","TH,SG,VN,PH,ID,MY,KH","AS-7_1_Daily","3G/4G/5G","MobiFone 4G"
"United Arab Emirates 1GB/Day","2","AE","AE_1_Daily","3G/4G/5G","Etisalat 5G"
"Belgium 1GB/Day","0.85","BE","BE_1_Daily","3G/4G/5G","Base 5G"
"Portugal 1GB/Day","0.85","PT","PT_1_Daily","3G/4G/5G","NOS 5G"
"Tunisia 1GB/Day","1.7","TN","TN_1_Daily","3G/4G","OOREDOO TN 4G"
"Norway 1GB/Day","0.65","NO","NO_1_Daily","3G/4G/5G","Telia 5G"
"China mainland 2GB/Day","1.2","CN","CN_2_Daily","3G/4G/5G","China Mobile 5G"
"China mainland 5GB/Day","2.4","CN","CN_5_Daily","3G/4G/5G","China Mobile 5G"
"Turkey 500MB/Day","0.3","TR","TR_0.5_Daily","3G/4G/5G","Avea 5G"
"Turkey 2GB/Day","0.8","TR","TR_2_Daily","3G/4G/5G","Avea 5G"
"Turkey 5GB/Day","1.8","TR","TR_5_Daily","3G/4G/5G","Avea 5G"
"Germany 500MB/Day","0.45","DE","DE_0.5_Daily","3G/4G/5G","Vodafone 5G"
"Germany 2GB/Day","1.5","DE","DE_2_Daily","3G/4G/5G","Vodafone 5G"
"Germany 5GB/Day","2.5","DE","DE_5_Daily","3G/4G/5G","Vodafone 5G"
"United Arab Emirates 500MB/Day","1.2","AE","AE_0.5_Daily","3G/4G/5G","Etisalat 5G"
"United Arab Emirates 2GB/Day","3","AE","AE_2_Daily","3G/4G/5G","Etisalat 5G"
"United Arab Emirates 5GB/Day","6.85","AE","AE_5_Daily","3G/4G/5G","Etisalat 5G"
"Morocco 500MB/Day","0.73","MA","MA_0.5_Daily","3G/4G/5G","Orange Morocco 5G"
"Asia (7 areas) 500MB/Day","0.9","TH,SG,VN,PH,ID,MY,KH","AS-7_0.5_Daily","3G/4G/5G","MobiFone 4G"
"Asia (7 areas) 2GB/Day","3","TH,SG,VN,PH,ID,MY,KH","AS-7_2_Daily","3G/4G/5G","MobiFone 4G"
"Asia (7 areas) 5GB/Day","6","TH,SG,VN,PH,ID,MY,KH","AS-7_5_Daily","3G/4G/5G","MobiFone 4G"
"Hong Kong (China) 500MB/Day","0.45","HK","HK_0.5_Daily","3G/4G/5G","csl 5G"
"France 500MB/Day","0.45","FR","FR_0.5_Daily","3G/4G/5G","SFR 5G"
"France 2GB/Day","1.2","FR","FR_2_Daily","3G/4G/5G","SFR 5G"
"France 5GB/Day","2.3","FR","FR_5_Daily","3G/4G/5G","SFR 5G"
"Italy 500MB/Day","0.45","IT","IT_0.5_Daily","3G/4G/5G","Iliad 5G"
"Italy 2GB/Day","1.5","IT","IT_2_Daily","3G/4G/5G","Iliad 5G"
"Italy 5GB/Day","2.3","IT","IT_5_Daily","3G/4G/5G","Iliad 5G"
"India 2GB/Day","4","IN","IN_2_Daily","3G/4G/5G","AirTel 5G"
"Egypt 500MB/Day","1","EG","EG_0.5_Daily","3G/4G/5G","Orange 5G"
"Vietnam 2GB/Day","2.8","VN","VN_2_Daily","3G/4G","MobiFone 4G"
"Spain 500MB/Day","0.45","ES","ES_0.5_Daily","3G/4G/5G","Vodafone 5G"
"Spain 1GB/Day","0.8","ES","ES_1_Daily","3G/4G/5G","Vodafone 5G"
"Spain 2GB/Day","1","ES","ES_2_Daily","3G/4G/5G","Vodafone 5G"
"Mauritius 1GB/Day","4.9","MU","MU_1_Daily","3G/4G/5G","my.t 5G"
"Singapore & Malaysia & Thailand 1GB 7Days","1.1","TH,SG,MY","SGMYTH-3_1_7","3G/4G/5G","AIS 5G"
"Singapore & Malaysia & Thailand 3GB 15Days","2.8","TH,SG,MY","SGMYTH-3_3_15","3G/4G/5G","AIS 5G"
"Singapore & Malaysia & Thailand 500MB/Day","0.6","TH,SG,MY","SGMYTH-3_0.5_Daily","3G/4G/5G","AIS 5G"
"Singapore & Malaysia & Thailand 1GB/Day","1","TH,SG,MY","SGMYTH-3_1_Daily","3G/4G/5G","AIS 5G"
"Singapore & Malaysia & Thailand 2GB/Day","2","TH,SG,MY","SGMYTH-3_2_Daily","3G/4G/5G","AIS 5G"
"China mainland & Japan & South Korea 1GB 7Days","2.3","JP,KR,CN","CNJPKR-3_1_7","3G/4G/5G","SKTelecom 5G"
"China mainland & Japan & South Korea 3GB 15Days","5.7","JP,KR,CN","CNJPKR-3_3_15","3G/4G/5G","SKTelecom 5G"
"China mainland & Japan & South Korea 3GB 30Days","5.9","JP,KR,CN","CNJPKR-3_3_30","3G/4G/5G","SKTelecom 5G"
"China mainland & Japan & South Korea 5GB 30Days","8.8","JP,KR,CN","CNJPKR-3_5_30","3G/4G/5G","SKTelecom 5G"
"China mainland & Japan & South Korea 10GB 30Days","15.2","JP,KR,CN","CNJPKR-3_10_30","3G/4G/5G","SKTelecom 5G"
"China mainland & Japan & South Korea 20GB 30Days","25","JP,KR,CN","CNJPKR-3_20_30","3G/4G/5G","SKTelecom 5G"
"China mainland & Japan & South Korea 500MB/Day","1.2","JP,KR,CN","CNJPKR-3_0.5_Daily","3G/4G/5G","SKTelecom 5G"
"China mainland & Japan & South Korea 1GB/Day","2.2","JP,KR,CN","CNJPKR-3_1_Daily","3G/4G/5G","SKTelecom 5G"
"China mainland & Japan & South Korea 2GB/Day","4.3","JP,KR,CN","CNJPKR-3_2_Daily","3G/4G/5G","SKTelecom 5G"
"Algeria 3GB 30Days","3","DZ","DZ_3_30","3G/4G","Mobilis 4G"
"United Arab Emirates 50GB 180Days","112.55","AE","AE_50_180","3G/4G/5G","Etisalat 5G"
"Turkey 500MB 1Day","0.3","TR","TR_0.5_1","3G/4G/5G","Avea 5G"
"Albania 100MB 7Days","0.28","AL","AL_0.1_7","3G/4G","Vodafone 4G"
"Argentina 100MB 7Days","0.46","AR","AR_0.1_7","3G/4G/5G","Movistar 5G"
"Paraguay 100MB 7Days","0.53","PY","PY_0.1_7","3G/4G/5G","Claro 5G"
"Peru 100MB 7Days","0.65","PE","PE_0.1_7","3G/4G/5G","Entel 5G"
"Guatemala 100MB 7Days","0.57","GT","GT_0.1_7","3G/4G/5G","Claro 5G"
"Puerto Rico 100MB 7Days","0.38","PR","PR_0.1_7","3G/4G/5G","AT&T 5G"
"Qatar 100MB 7Days","0.45","QA","QA_0.1_7","3G/4G/5G","Vodafone 5G"
"United Kingdom 100MB 7Days","0.1","GB","GB_0.1_7","3G/4G/5G","Vodafone 5G"
"Reunion 100MB 7Days","0.28","RE","RE_0.1_7","3G/4G/5G","Orange 5G"
"Russia 100MB 7Days","0.4","RU","RU_0.1_7","3G/4G","MTS 4G"
"Algeria 100MB 7Days","0.11","DZ","DZ_0.1_7","3G/4G","Mobilis 4G"
"Hong Kong (China) 100MB 7Days","0.1","HK","HK_0.1_7","3G/4G/5G","csl 5G"
"Senegal 100MB 7Days","0.86","SN","SN_0.1_7","3G/4G/5G","Orange 5G"
"Serbia 100MB 7Days","0.32","RS","RS_0.1_7","3G/4G","VIP 4G"
"Singapore 100MB 7Days","0.1","SG","SG_0.1_7","3G/4G/5G","Simba 5G"
"Honduras 100MB 7Days","0.57","HN","HN_0.1_7","3G/4G/5G","Tigo 5G"
"Sri Lanka 100MB 7Days","0.28","LK","LK_0.1_7","3G/4G","Mobitel 4G"
"South Africa 100MB 7Days","0.68","ZA","ZA_0.1_7","3G/4G","Vodacom 4G"
"India 100MB 7Days","0.28","IN","IN_0.1_7","3G/4G/5G","AirTel 5G"
"Thailand 100MB 7Days","0.12","TH","TH_0.1_7","3G/4G/5G","AIS 5G"
"Indonesia 100MB 7Days","0.13","ID","ID_0.1_7","3G/4G","Indosat 4G"
"Tanzania 100MB 7Days","0.68","TZ","TZ_0.1_7","3G","Vodafone 3G"
"Jordan 100MB 7Days","0.18","JO","JO_0.1_7","3G/4G/5G","Zain 5G"
"Tunisia 100MB 7Days","0.3","TN","TN_0.1_7","3G/4G","OOREDOO TN 4G"
"Kazakhstan 100MB 7Days","0.15","KZ","KZ_0.1_7","3G/4G","Beeline 4G"
"Uruguay 100MB 7Days","0.63","UY","UY_0.1_7","3G/4G/5G","Antel 5G"
"Turkey 100MB 7Days","0.1","TR","TR_0.1_7","3G/4G/5G","Avea 5G"
"Kenya 100MB 7Days","0.7","KE","KE_0.1_7","3G/4G","Airtel 4G"
"Uzbekistan 100MB 7Days","0.15","UZ","UZ_0.1_7","3G/4G","Beeline 4G"
"Kuwait 100MB 7Days","0.28","KW","KW_0.1_7","3G/4G","Ooredoo 4G"
"Vietnam 100MB 7Days","0.18","VN","VN_0.1_7","3G/4G","MobiFone 4G"
"Malaysia 100MB 7Days","0.1","MY","MY_0.1_7","3G/4G/5G","DiGi 5G"
"Switzerland 100MB 7Days","0.1","CH","CH_0.1_7","3G/4G/5G","Sunrise 5G"
"Morocco 100MB 7Days","0.15","MA","MA_0.1_7","3G/4G/5G","Orange Morocco 5G"
"Mexico 100MB 7Days","0.24","MX","MX_0.1_7","3G/4G/5G","Movistar 5G"
"Nicaragua 100MB 7Days","0.57","NI","NI_0.1_7","3G/4G/5G","movistar 5G"
"Niger 100MB 7Days","0.86","NE","NE_0.1_7","3G/4G/5G","Orange 5G"
"Nigeria 100MB 7Days","0.47","NG","NG_0.1_7","3G/4G/5G","MTN 5G"
"New Zealand 100MB 7Days","0.19","NZ","NZ_0.1_7","3G/4G","Spark 4G"
"Pakistan 100MB 7Days","0.19","PK","PK_0.1_7","3G/4G","Jazz 4G"
"Panama 100MB 7Days","0.57","PA","PA_0.1_7","3G/4G/5G","movistar 5G"
"Armenia 100MB 7Days","0.56","AM","AM_0.1_7","3G/4G","MTS 4G"
"Australia 100MB 7Days","0.11","AU","AU_0.1_7","3G/4G/5G","Optus 5G"
"Azerbaijan 100MB 7Days","0.79","AZ","AZ_0.1_7","3G/4G/5G","Bakcell 5G"
"Bolivia 100MB 7Days","0.63","BO","BO_0.1_7","3G/4G/5G","Tigo 5G"
"Brazil 100MB 7Days","0.24","BR","BR_0.1_7","3G/4G/5G","TIM 5G"
"Cambodia 100MB 7Days","0.26","KH","KH_0.1_7","3G/4G","Smart 4G"
"Canada 100MB 7Days","0.23","CA","CA_0.1_7","3G/4G/5G","Rogers Wireless 5G"
"Chile 100MB 7Days","0.57","CL","CL_0.1_7","3G/4G/5G","entel 5G"
"China mainland 100MB 7Days","0.1","CN","CN_0.1_7","3G/4G/5G","China Mobile 5G"
"Egypt 100MB 7Days","0.22","EG","EG_0.1_7","3G/4G/5G","Orange 5G"
"Colombia 100MB 7Days","0.56","CO","CO_0.1_7","3G/4G/5G","movistar 5G"
"El Salvador 100MB 7Days","0.57","SV","SV_0.1_7","3G/4G/5G","Digicel 5G"
"United Arab Emirates 100MB 7Days","0.24","AE","AE_0.1_7","3G/4G/5G","Etisalat 5G"
"United States 100MB 7Days","0.11","US","US_0.1_7","3G/4G/5G","Verizon 5G"
"Philippines 100MB 7Days","0.19","PH","PH_0.1_7","3G/4G/5G","Globe 5G"
"Dominican Republic 100MB 7Days","0.58","DO","DO_0.1_7","3G","Altice 3G"
"Japan 100MB 7Days","0.1","JP","JP_0.1_7","3G/4G","NTT docomo 4G"
"Jamaica 100MB 7Days","0.73","JM","JM_0.1_7","3G/4G/5G","FLOW 5G"
"Jamaica 1GB 7Days","7.1","JM","JM_1_7","3G/4G/5G","FLOW 5G"
"Jamaica 3GB 15Days","17.6","JM","JM_3_15","3G/4G/5G","FLOW 5G"
"Jamaica 3GB 30Days","17.9","JM","JM_3_30","3G/4G/5G","FLOW 5G"
"Jamaica 5GB 30Days","26","JM","JM_5_30","3G/4G/5G","FLOW 5G"
"Jamaica 10GB 30Days","50.58","JM","JM_10_30","3G/4G/5G","FLOW 5G"
"Jamaica 20GB 30Days","89.58","JM","JM_20_30","3G/4G/5G","FLOW 5G"
"South Korea 100MB 7Days","0.1","KR","KR_0.1_7","3G/4G/5G","SKTelecom 5G"
"Indonesia 1GB 7Days (nonhkip)","1.3","ID","ID_1_7_nonhkip","3G/4G","Telkomsel 4G"
"Indonesia 3GB 15Days (nonhkip)","3","ID","ID_3_15_nonhkip","3G/4G","Telkomsel 4G"
"Indonesia 5GB 30Days (nonhkip)","5","ID","ID_5_30_nonhkip","3G/4G","Telkomsel 4G"
"Indonesia 10GB 30Days (nonhkip)","8.65","ID","ID_10_30_nonhkip","3G/4G","Telkomsel 4G"
"Indonesia 20GB 30Days (nonhkip)","12","ID","ID_20_30_nonhkip","3G/4G","Telkomsel 4G"
"Indonesia 500MB/Day (nonhkip)","0.76","ID","ID_0.5_Daily_nonhkip","3G/4G","Telkomsel 4G"
"Indonesia 1GB/Day (nonhkip)","1.2","ID","ID_1_Daily_nonhkip","3G/4G","Telkomsel 4G"
"Indonesia 2GB/Day (nonhkip)","2.05","ID","ID_2_Daily_nonhkip","3G/4G","Telkomsel 4G"
"Japan 1GB 7Days (nonhkip)","1.2","JP","JP_1_7_nonhkip","3G/4G/5G","KDDI 5G"
"Japan 3GB 15Days (nonhkip)","3.25","JP","JP_3_15_nonhkip","3G/4G/5G","KDDI 5G"
"Japan 5GB 30Days (nonhkip)","4.5","JP","JP_5_30_nonhkip","3G/4G/5G","KDDI 5G"
"Japan 10GB 30Days (nonhkip)","7.5","JP","JP_10_30_nonhkip","3G/4G/5G","KDDI 5G"
"Japan 20GB 30Days (nonhkip)","12.5","JP","JP_20_30_nonhkip","3G/4G/5G","KDDI 5G"
"Japan 500MB/Day (nonhkip)","0.6","JP","JP_0.5_Daily_nonhkip","3G/4G/5G","KDDI 5G"
"Japan 1GB/Day (nonhkip)","1.1","JP","JP_1_Daily_nonhkip","3G/4G/5G","KDDI 5G"
"Japan 2GB/Day (nonhkip)","2.1","JP","JP_2_Daily_nonhkip","3G/4G/5G","KDDI 5G"
"Thailand 1GB 7Days (nonhkip)","1.3","TH","TH_1_7_nonhkip","3G/4G/5G","AIS 5G"
"Thailand 3GB 15Days (nonhkip)","2.6","TH","TH_3_15_nonhkip","3G/4G/5G","AIS 5G"
"Thailand 5GB 30Days (nonhkip)","4","TH","TH_5_30_nonhkip","3G/4G/5G","AIS 5G"
"Thailand 10GB 30Days (nonhkip)","6.3","TH","TH_10_30_nonhkip","3G/4G/5G","AIS 5G"
"Thailand 20GB 30Days (nonhkip)","10","TH","TH_20_30_nonhkip","3G/4G/5G","AIS 5G"
"Thailand 500MB/Day (nonhkip)","0.75","TH","TH_0.5_Daily_nonhkip","3G/4G/5G","AIS 5G"
"Thailand 1GB/Day (nonhkip)","1.2","TH","TH_1_Daily_nonhkip","3G/4G/5G","AIS 5G"
"Thailand 2GB/Day (nonhkip)","2","TH","TH_2_Daily_nonhkip","3G/4G/5G","AIS 5G"
"China mainland 1GB 7Days (nonhkip)","1.15","CN","CN_1_7_nonhkip","3G/4G/5G","China Mobile 5G"
"China mainland 3GB 15Days (nonhkip)","2.75","CN","CN_3_15_nonhkip","3G/4G/5G","China Mobile 5G"
"China mainland 5GB 30Days (nonhkip)","4","CN","CN_5_30_nonhkip","3G/4G/5G","China Mobile 5G"
"China mainland 10GB 30Days (nonhkip)","7.7","CN","CN_10_30_nonhkip","3G/4G/5G","China Mobile 5G"
"China mainland 20GB 30Days (nonhkip)","15.7","CN","CN_20_30_nonhkip","3G/4G/5G","China Mobile 5G"
"China mainland 500MB/Day (nonhkip)","0.6","CN","CN_0.5_Daily_nonhkip","3G/4G/5G","China Mobile 5G"
"China mainland 1GB/Day (nonhkip)","1.1","CN","CN_1_Daily_nonhkip","3G/4G/5G","China Mobile 5G"
"China mainland 2GB/Day (nonhkip)","2","CN","CN_2_Daily_nonhkip","3G/4G/5G","China Mobile 5G"
"Singapore 1GB 7Days (nonhkip)","1","SG","SG_1_7_nonhkip","3G/4G/5G","SingTel 5G"
"Singapore 3GB 15Days (nonhkip)","2.8","SG","SG_3_15_nonhkip","3G/4G/5G","SingTel 5G"
"Singapore 5GB 30Days (nonhkip)","4","SG","SG_5_30_nonhkip","3G/4G/5G","SingTel 5G"
"Singapore 10GB 30Days (nonhkip)","7","SG","SG_10_30_nonhkip","3G/4G/5G","SingTel 5G"
"Singapore 20GB 30Days (nonhkip)","12","SG","SG_20_30_nonhkip","3G/4G/5G","SingTel 5G"
"Singapore 500MB/Day (nonhkip)","0.55","SG","SG_0.5_Daily_nonhkip","3G/4G/5G","SingTel 5G"
"Singapore 1GB/Day (nonhkip)","0.95","SG","SG_1_Daily_nonhkip","3G/4G/5G","SingTel 5G"
"Singapore 2GB/Day (nonhkip)","1.8","SG","SG_2_Daily_nonhkip","3G/4G/5G","SingTel 5G"
"South Korea 1GB 7Days (nonhkip)","1.05","KR","KR_1_7_nonhkip","3G/4G/5G","SKTelecom 5G"
"South Korea 3GB 15Days (nonhkip)","2.6","KR","KR_3_15_nonhkip","3G/4G/5G","SKTelecom 5G"
"South Korea 5GB 30Days (nonhkip)","4.25","KR","KR_5_30_nonhkip","3G/4G/5G","SKTelecom 5G"
"South Korea 10GB 30Days (nonhkip)","7.5","KR","KR_10_30_nonhkip","3G/4G/5G","SKTelecom 5G"
"South Korea 20GB 30Days (nonhkip)","12.5","KR","KR_20_30_nonhkip","3G/4G/5G","SKTelecom 5G"
"South Korea 500MB/Day (nonhkip)","0.55","KR","KR_0.5_Daily_nonhkip","3G/4G/5G","SKTelecom 5G"
"South Korea 1GB/Day (nonhkip)","0.95","KR","KR_1_Daily_nonhkip","3G/4G/5G","SKTelecom 5G"
"South Korea 2GB/Day (nonhkip)","1.65","KR","KR_2_Daily_nonhkip","3G/4G/5G","SKTelecom 5G"
"Macao 1GB 7Days (nonhkip)","1.1","MO","MO_1_7_nonhkip","3G/4G/5G","CTM 5G"
"Macao 3GB 15Days (nonhkip)","2.8","MO","MO_3_15_nonhkip","3G/4G/5G","CTM 5G"
"Macao 5GB 30Days (nonhkip)","4","MO","MO_5_30_nonhkip","3G/4G/5G","CTM 5G"
"Macao 10GB 30Days (nonhkip)","7","MO","MO_10_30_nonhkip","3G/4G/5G","CTM 5G"
"Macao 20GB 30Days (nonhkip)","12","MO","MO_20_30_nonhkip","3G/4G/5G","CTM 5G"
"Macao 500MB/Day (nonhkip)","0.65","MO","MO_0.5_Daily_nonhkip","3G/4G/5G","CTM 5G"
"Macao 1GB/Day (nonhkip)","1.05","MO","MO_1_Daily_nonhkip","3G/4G/5G","CTM 5G"
"Macao 2GB/Day (nonhkip)","2","MO","MO_2_Daily_nonhkip","3G/4G/5G","CTM 5G"
"Malaysia 1GB 7Days (nonhkip)","1","MY","MY_1_7_nonhkip","3G/4G/5G","Maxis 5G"
"Malaysia 3GB 15Days (nonhkip)","2.6","MY","MY_3_15_nonhkip","3G/4G/5G","Maxis 5G"
"Malaysia 5GB 30Days (nonhkip)","4","MY","MY_5_30_nonhkip","3G/4G/5G","Maxis 5G"
"Malaysia 10GB 30Days (nonhkip)","7","MY","MY_10_30_nonhkip","3G/4G/5G","Maxis 5G"
"Malaysia 20GB 30Days (nonhkip)","12","MY","MY_20_30_nonhkip","3G/4G/5G","Maxis 5G"
"Malaysia 500MB/Day (nonhkip)","0.5","MY","MY_0.5_Daily_nonhkip","3G/4G/5G","Maxis 5G"
"Malaysia 1GB/Day (nonhkip)","0.9","MY","MY_1_Daily_nonhkip","3G/4G/5G","Maxis 5G"
"Malaysia 2GB/Day (nonhkip)","1.7","MY","MY_2_Daily_nonhkip","3G/4G/5G","Maxis 5G"
"Vietnam 1GB 7Days (nonhkip)","1.8","VN","VN_1_7_nonhkip","3G/4G","Vinaphone 4G"
"Vietnam 3GB 15Days (nonhkip)","4.6","VN","VN_3_15_nonhkip","3G/4G","Vinaphone 4G"
"Vietnam 5GB 30Days (nonhkip)","7","VN","VN_5_30_nonhkip","3G/4G","Vinaphone 4G"
"Vietnam 10GB 30Days (nonhkip)","12.2","VN","VN_10_30_nonhkip","3G/4G","Vinaphone 4G"
"Vietnam 20GB 30Days (nonhkip)","20","VN","VN_20_30_nonhkip","3G/4G","Vinaphone 4G"
"Vietnam 500MB/Day (nonhkip)","0.58","VN","VN_0.5_Daily_nonhkip","3G/4G","Vinaphone 4G"
"Vietnam 1GB/Day (nonhkip)","1.46","VN","VN_1_Daily_nonhkip","3G/4G","Vinaphone 4G"
"Vietnam 2GB/Day (nonhkip)","2.8","VN","VN_2_Daily_nonhkip","3G/4G","Vinaphone 4G"
"Asia (12 areas) 1GB 7Days","3.5","MO,HK,TW,TH,SG,JP,KR,VN,ID,CN,MY,KH","AS-12_1_7","3G/4G","MobiFone 4G"
"Asia (12 areas) 3GB 15Days","8.8","MO,HK,TW,TH,SG,JP,KR,VN,ID,CN,MY,KH","AS-12_3_15","3G/4G","MobiFone 4G"
"Hong Kong 3GB/Day","2.25","HK","HK_3_Daily","3G/4G/5G","csl 5G"
"South Korea 3GB/Day (nonhkip)","2.1","KR","KR_3_Daily_nonhkip","3G/4G/5G","SKTelecom 5G"
"Albania 500MB/Day","1.6","AL","AL_0.5_Daily","3G/4G","Vodafone 4G"
"Albania 1GB/Day","2.8","AL","AL_1_Daily","3G/4G","Vodafone 4G"
"Albania 2GB/Day","5.3","AL","AL_2_Daily","3G/4G","Vodafone 4G"
"Asia-20 3GB 30Days","9.2","MO,HK,IL,IN,JP,KR,CN,NZ,MY,KW,SA,AU,TH,SG,VN,PH,ID,PK,KH,LK","AS-20_3_30","3G/4G/5G","Optus 5G"
"Asia-20 20GB 30Days","40","MO,HK,IL,IN,JP,KR,CN,NZ,MY,KW,SA,AU,TH,SG,VN,PH,ID,PK,KH,LK","AS-20_20_30","3G/4G/5G","Optus 5G"
"Asia (7 areas)  3GB 30Days","4.8","TH,SG,VN,PH,ID,MY,KH","AS-7_3_30","3G/4G/5G","MobiFone 4G"